ID,Side navn,Disclaimer,Brugt i alt,Annoncer i bibliotek,Parti,Partiside eller politiker,Blok,Køn,Profil eller side,Kategori,Partileder,FTV kandidat
100796691875256,"Lars Holstein, Alternativet",Lars Holstein Petersen,647,2,Alternativet,Politiker,Rød blok,Mand,Side,,,
100815495869327,Troels Chr. Jakobsen - Å,Alternativet,2434,8,Alternativet,Politiker,Rød blok,Mand,Side,,,FTV kandidat
104794374469979,Simon Nyborg Jensen,Simon Nyborg Jensen,3284,7,Alternativet,Politiker,Rød blok,Mand,Side,,,
111070111733153,Anette Jensen Smith - Å,Anette Jensen Smith,516,1,Alternativet,Politiker,Rød blok,Kvinde,Side,,,FTV kandidat
111562544999934,Michael Monberg - Alternativet,Alternativet,73571,42,Alternativet,Politiker,Rød blok,Mand,Side,,,FTV kandidat
112101684847939,Mikkel Larsson - Alternativet,Larsson Mikkel Hoj Bagger,1569,8,Alternativet,Politiker,Rød blok,Mand,Side,,,FTV kandidat
176564056237560,Alternativets Ulla Munksgaard,Ulla Munksgaard,1818,14,Alternativet,Politiker,Rød blok,Kvinde,Side,,,FTV kandidat
230928363621840,Line Gessø,Hansen Line Gesso Storm,2800,14,Alternativet,Politiker,Rød blok,Kvinde,Side,,,
236827581617851,Christina Olumeko - Alternativet,Christina Sade Olumeko,4345,7,Alternativet,Politiker,Rød blok,Kvinde,Side,,,FTV kandidat
297522764191243,Sofie Groth,Nielsen Oliver Milan Meiniki,167,3,Alternativet,Politiker,Rød blok,Kvinde,Side,,,FTV kandidat
297522764191243,Sofie Groth,These ads ran without a disclaimer,122,1,Alternativet,Politiker,Rød blok,Kvinde,Side,,,FTV kandidat
298157037041855,Qasam Nazir Ahmad - Alternativet,Alternativet,10749,20,Alternativet,Politiker,Rød blok,Mand,Side,,,
384096285727523,Lars Corvinius Olesen,Lars Corvinius Olesen,2578,16,Alternativet,Politiker,Rød blok,Mand,Side,,,FTV kandidat
676061179094769,Alternativet,Alternativet,141488,56,Alternativet,Partiside,Rød blok,Partiside,Side,Nationalt parti,,
845591568834321,Franciska Rosenkilde,Allan Hansen Lindemark,9950,10,Alternativet,Politiker,Rød blok,Kvinde,Side,,Partileder,FTV kandidat
1327955487287048,Allon Hein Sørensen,Sorensen Allon Hein,12450,25,Alternativet,Politiker,Rød blok,Mand,Side,,,
1434894720136798,Alternativet Nordjylland,Alternativet Nordjylland,10413,14,Alternativet,Partiside,Rød blok,Partiside,Side,,,
1630886627149114,Alternativets Unge,Alternativets Unge,897,2,Alternativet,Partiside,Rød blok,Partiside,Side,,,
1863305493926398,Kim Hjerrild Alternativet,Kim Hjerrild,1259,2,Alternativet,Politiker,Rød blok,Mand,Side,,,FTV kandidat
105004466262954,Frit Forum Århus,Frit Forum Århus,1616,3,Andet,Partiside,Andet,Partiside,Side,,,
107864524731157,Poul Harald Holm,Poul Harald Pilgaard Holm,5585,21,Andet,Politiker,Andet,Mand,Side,,,
111374827309030,Borgmester Karina Vincentz,Karina Vincentz,350,2,Andet,Politiker,Andet,Kvinde,Side,,,
182483561808353,Manu Sareen,Manu Sareen,1138,4,Andet,Politiker,Andet,Mand,Side,,,
214488091924495,Retsforbundet - Danmarks bæredygtige parti,Poul Gerhard Kristiansen,600,2,Andet,Partiside,Andet,Partiside,Side,,,
321741538368636,Stram Kurs,det politiske parti Stram Kurs,59164,3,Andet,Partiside,Andet,Partiside,Side,,,
1930119130628404,Borgernes Folkeparti,Jorgen Mikkelsen,250,1,Andet,Partiside,Andet,Partiside,Side,,,
100805792817973,Patrick Culmsee Bryhl,Patrick Culmsee Bryhl Madsen,1641,2,Danmarksdemokraterne,Politiker,Blå blok,Mand,Side,,,FTV kandidat
100890942752656,Lars Bregnbak.   Danmarks Demokraterne,Lars Christian Bregnbak,4711,11,Danmarksdemokraterne,Politiker,Blå blok,Mand,Side,,,FTV kandidat
101348699456501,Stem på Michael,Annette Rosenmark,756,5,Danmarksdemokraterne,Politiker,Blå blok,Mand,Side,,,FTV kandidat
104962982377451,Erik Poulsen - Danmarks Demokraterne,Erik Poulsen,16500,76,Danmarksdemokraterne,Politiker,Blå blok,Mand,Side,,,FTV kandidat
106011385624734,Michael Rosenmark,Michael Rosenmark,3614,13,Danmarksdemokraterne,Politiker,Blå blok,Mand,Side,,,FTV kandidat
106908955486176,"Ulrik Knudsen - Folketingskandidat Østjylland, Danmarksdemokraterne",Casper Theilgaard,89489,28,Danmarksdemokraterne,Politiker,Blå blok,Mand,Side,,,FTV kandidat
107786485380137,Vivi Altenburg- Danmarksdemokraterne,Vivi Altenburg,240,3,Danmarksdemokraterne,Politiker,Blå blok,Kvinde,Side,,,FTV kandidat
107853282035931,Susie Jessen - Folketingskandidat for Danmarksdemokraterne,Susie Janet Jessen,2725,10,Danmarksdemokraterne,Politiker,Blå blok,Kvinde,Side,,,FTV kandidat
108041771950114,Danmarksdemokraterne - Inger Støjberg,Jacob Kjerumgaard,49281,123,Danmarksdemokraterne,Partiside,Blå blok,Partiside,Side,Nationalt parti,,
108041771950114,Danmarksdemokraterne - Inger Støjberg,Danmarksdemokraterne,463,4,Danmarksdemokraterne,Partiside,Blå blok,Partiside,Side,Nationalt parti,,
111954664957651,Søren Espersen,Yvette Espersen,380,2,Danmarksdemokraterne,Politiker,Blå blok,Mand,Side,,,FTV kandidat
113044112697244,Lone Glarbo - Danmarksdemokraterne - Kandidat til FV 22,Lone Glarbo,6101,43,Danmarksdemokraterne,Politiker,Blå blok,Kvinde,Side,,,
114777238691209,Dennis Flydtkjær,Dennis Flydtkjær,3807,11,Danmarksdemokraterne,Politiker,Blå blok,Mand,Side,MF'ere,,FTV kandidat
207401585966233,Inger Støjberg,Jacob Kjerumgaard,145169,140,Danmarksdemokraterne,Politiker,Blå blok,Kvinde,Side,MF'ere,Partileder,FTV kandidat
210317432480139,Charlotte Munch - Politiker,Jacob Nørholm,1530,3,Danmarksdemokraterne,Politiker,Blå blok,Kvinde,Side,,,FTV kandidat
210317432480139,Charlotte Munch - Politiker,Munch Charlotte,647,3,Danmarksdemokraterne,Politiker,Blå blok,Kvinde,Side,,,FTV kandidat
437813842938863,Sebastian Mylsted-Schenstrøm - Danmarksdemokraterne,Mylsted-Schenstrøm Sebastian,14808,58,Danmarksdemokraterne,Politiker,Blå blok,Mand,Side,,,FTV kandidat
443490725722399,"Lars Ole Skovgaard Larsen, Folketingskandidat for Danmarksdemokraterne",Victor Paarup Jensen,19450,53,Danmarksdemokraterne,Politiker,Blå blok,Mand,Side,,,
665462313475794,Lise Bech,Bech Lise,4122,14,Danmarksdemokraterne,Politiker,Blå blok,Kvinde,Side,MF'ere,,FTV kandidat
759667427415169,Marlene Harpsøe,Harpsøe Marlene Birkehøj,2335,7,Danmarksdemokraterne,Politiker,Blå blok,Kvinde,Side,,,FTV kandidat
33510214383,Pia Kjærsgaard,Dansk Folkeparti,74527,61,Dansk Folkeparti,Politiker,Blå blok,Kvinde,Side,MF'ere,,FTV kandidat
100289749292553,Majbritt Birkholm Dansk Folkeparti,Dansk Folkeparti,18761,25,Dansk Folkeparti,Politiker,Blå blok,Kvinde,Side,,,FTV kandidat
102908218825849,Mikael Jensen,Mikael Lund Jensen,4023,8,Dansk Folkeparti,Politiker,Blå blok,Mand,Side,,,
104743442430993,Kim Christiansen - politiker,Dansk Folkeparti,3726,6,Dansk Folkeparti,Politiker,Blå blok,Mand,Side,,,FTV kandidat
105483419009851,Josephine Alstrup - Dansk Folkeparti,Dansk Folkeparti,5462,16,Dansk Folkeparti,Politiker,Blå blok,Kvinde,Side,,,FTV kandidat
106071141422092,Jannie Bøgh -Dansk folkeparti,Dansk Folkeparti,20844,35,Dansk Folkeparti,Politiker,Blå blok,Kvinde,Side,,,FTV kandidat
110131401307719,Cecilie Winther Kristensen  - Dansk Folkeparti,Dansk Folkeparti,4406,1,Dansk Folkeparti,Politiker,Blå blok,Kvinde,Side,,,FTV kandidat
110131401307719,Cecilie Winther Kristensen  - Dansk Folkeparti,Cecilie Winther Kristensen,148,2,Dansk Folkeparti,Politiker,Blå blok,Kvinde,Side,,,FTV kandidat
111394892261429,Morten Messerschmidt,Dansk Folkeparti,82763,80,Dansk Folkeparti,Politiker,Blå blok,Mand,Side,MF'ere,Partileder,FTV kandidat
111786634296387,Nana Harring - Dansk Folkeparti,Dansk Folkeparti,28517,47,Dansk Folkeparti,Politiker,Blå blok,Kvinde,Side,,,FTV kandidat
117580505339347,Dansk Folkeparti Svendborg,Larsen Marianne Mix,1220,10,Dansk Folkeparti,Partiside,Blå blok,Partiside,Side,,,
122225861299622,Erling Præstekjær,Erling Præstekjær,2000,1,Dansk Folkeparti,Politiker,Blå blok,Mand,Side,,,FTV kandidat
132619697171647,Carsten Sørensen - Dansk Folkeparti i Region Syddanmark,Carsten Sørensen,144,1,Dansk Folkeparti,Partiside,Blå blok,Partiside,Side,,,
147206859132230,Cheanne Nielsen,Dansk Folkeparti,3441,16,Dansk Folkeparti,Politiker,Blå blok,Kvinde,Side,,,FTV kandidat
158610284647898,"Carsten Ullmann Andersen, Dansk Folkeparti",Andersen Carsten Ullmann,3127,18,Dansk Folkeparti,Politiker,Blå blok,Mand,Side,,,FTV kandidat
183312979158588,René Christensen - Dansk Folkeparti,Dansk Folkeparti,73761,82,Dansk Folkeparti,Politiker,Blå blok,Mand,Side,MF'ere,,FTV kandidat
183312979158588,René Christensen - Dansk Folkeparti,Christensen Rene Bjorn,2250,3,Dansk Folkeparti,Politiker,Blå blok,Mand,Side,MF'ere,,FTV kandidat
198831546968388,Anders Ladegaard Bork - Dansk Folkeparti,Anders Ladegaard Bork,2986,6,Dansk Folkeparti,Politiker,Blå blok,Mand,Side,,,FTV kandidat
331034483992282,Nick Zimmermann - Dansk Folkeparti,Zimmermann Nick,19706,56,Dansk Folkeparti,Politiker,Blå blok,Mand,Side,,,FTV kandidat
331034483992282,Nick Zimmermann - Dansk Folkeparti,Dansk Folkeparti,7442,78,Dansk Folkeparti,Politiker,Blå blok,Mand,Side,,,FTV kandidat
337897239700571,Peter Kofod - Dansk Folkeparti,Dansk Folkeparti,41580,34,Dansk Folkeparti,Politiker,Blå blok,Mand,Side,MEP'ere,,FTV kandidat
357445107704324,Dansk Folkeparti - Hillerød,Jette Juul,930,8,Dansk Folkeparti,Partiside,Blå blok,Partiside,Side,,,
358102574347013,Kenneth Kristensen Berth,Dansk Folkeparti,11432,33,Dansk Folkeparti,Politiker,Blå blok,Mand,Side,,,FTV kandidat
456176268097215,Gert Løfgren  Dansk Folkeparti.,Dansk Folkeparti,3841,16,Dansk Folkeparti,Politiker,Blå blok,Mand,Side,,,
456176268097215,Gert Løfgren  Dansk Folkeparti.,Gert Løfgren,980,2,Dansk Folkeparti,Politiker,Blå blok,Mand,Side,,,
493821064327890,Frank Sørensen Dansk Folkeparti,Dansk Folkeparti,3848,5,Dansk Folkeparti,Politiker,Blå blok,Mand,Side,,,FTV kandidat
500736773353275,Brian Lyck Jørgensen - Dansk Folkeparti,Brian Jørgensen,1158,14,Dansk Folkeparti,Politiker,Blå blok,Mand,Side,,,FTV kandidat
506051112930249,Mikkel Dencker,Dencker Mikkel Sjoberg Hjermind,8548,6,Dansk Folkeparti,Politiker,Blå blok,Mand,Side,,,FTV kandidat
507949862711258,Dansk Folkeparti på Bornholm,Rene Birk Danielsson,2298,4,Dansk Folkeparti,Partiside,Blå blok,Partiside,Side,,,
520449347983427,Dansk Folkeparti,Dansk Folkeparti,389104,593,Dansk Folkeparti,Partiside,Blå blok,Partiside,Side,Nationalt parti,,
529222380457868,Simon Hampe - Dansk Folkeparti,Simon Hampe Sørensen,4640,12,Dansk Folkeparti,Politiker,Blå blok,Mand,Side,,,FTV kandidat
675912309250460,DF Brian Mørch,Morch Brian,553,1,Dansk Folkeparti,Politiker,Blå blok,Mand,Side,,,
765242370315553,Kim Malmberg Hansen,Kim Malmberg Hansen,874,3,Dansk Folkeparti,Politiker,Blå blok,Mand,Side,,,FTV kandidat
796135447246465,Danny Rosenkilde,Danny Manfred Rosenkilde Nielsen,809,27,Dansk Folkeparti,Politiker,Blå blok,Mand,Side,,,FTV kandidat
1056332034484258,Daniel Aage Holm - Dansk Folkeparti,Daniel Aage Holm,369,4,Dansk Folkeparti,Politiker,Blå blok,Mand,Side,,,
1448006052123626,Michael Nedersøe,Dansk Folkeparti,29110,61,Dansk Folkeparti,Politiker,Blå blok,Mand,Side,,,FTV kandidat
1493650460890885,Kenneth Fredslund Petersen - Folketingkandidat for DanmarksDemokraterne,Petersen Kenneth Fredslund,2485,9,Dansk Folkeparti,Politiker,Blå blok,Mand,Side,,,FTV kandidat
1498813583685622,Anders Vistisen,Dansk Folkeparti,31453,39,Dansk Folkeparti,Politiker,Blå blok,Mand,Side,,,FTV kandidat
1537774176472753,Dansk Folkeparti Odense,Dansk Folkeparti,17140,27,Dansk Folkeparti,Partiside,Blå blok,Partiside,Side,,,
1816589552003891,Jakob Kjærsgaard,Dansk Folkeparti,4950,6,Dansk Folkeparti,Politiker,Blå blok,Mand,Side,,,FTV kandidat
47908701568,Søren Søndergaard,Enhedslisten,4999,3,Enhedslisten,Politiker,Rød blok,Mand,Side,MF'ere,,FTV kandidat
64344083041,Enhedslisten Aalborg,Enhedslisten Aalborg,3000,4,Enhedslisten,Partiside,Rød blok,Partiside,Side,,,
67290408185,Trine Mach,Trine Pertou Mach,942,3,Enhedslisten,Politiker,Rød blok,Kvinde,Side,,,FTV kandidat
100406347555,Enhedslisten Høje-Taastrup,Enhedslisten,785,4,Enhedslisten,Partiside,Rød blok,Partiside,Side,,,
126648500204,Enhedslisten Svendborg,Kiel Jesper,213,3,Enhedslisten,Partiside,Rød blok,Partiside,Side,,,
223040066022,Enhedslisten,Enhedslisten,488534,81,Enhedslisten,Partiside,Rød blok,Partiside,Side,Nationalt parti,,
494281450430,Enhedslisten Odense,Enhedslisten Odense,8881,8,Enhedslisten,Partiside,Rød blok,Partiside,Side,,,
104080038702172,Emil Ulrik Andersen,Enhedslisten Allerød,300,5,Enhedslisten,Politiker,Rød blok,Mand,Side,,,
105469628366846,"Per Møller Jacobsen, Enhedslisten","Per Møller Jacobsen, Enhedslisten",1379,6,Enhedslisten,Politiker,Rød blok,Mand,Side,,,
105723258303685,Enhedslisten Fanø,Enhedslisten Fanø,813,4,Enhedslisten,Partiside,Rød blok,Partiside,Side,,,
106125351587346,Stefan Rundstrøm - Enhedslisten,Stefan Rundstrøm,400,2,Enhedslisten,Politiker,Rød blok,Mand,Side,,,FTV kandidat
109840068452080,Emil Samaras,Emil Samaras Eriksen,2052,9,Enhedslisten,Politiker,Rød blok,Kvinde,Side,,,FTV kandidat
112878134641391,Christine Lundgaard,Christine Lundgaard,2581,21,Enhedslisten,Politiker,Rød blok,Kvinde,Side,,,FTV kandidat
113339079333534,Berit Raldin,Raldin Berit,204,2,Enhedslisten,Politiker,Rød blok,Kvinde,Side,,,FTV kandidat
152998148120032,Enhedslisten Århus,Enhedslisten Århus,7645,12,Enhedslisten,Partiside,Rød blok,Partiside,Side,,,
162788300598203,Enhedslisten Lyngby,Enhedslisten Lyngby,583,3,Enhedslisten,Partiside,Rød blok,Partiside,Side,,,
163526842056975,Anders Pedersen - Enhedslisten,Enhedslisten Randers,1000,1,Enhedslisten,Politiker,Rød blok,Mand,Side,,,
164593977049986,Enhedslisten Rebild,Enhedslisten Rebild,500,2,Enhedslisten,Partiside,Rød blok,Partiside,Side,,,
191351967739859,Tobias Clausen,Tobias Borup Clausen,5999,7,Enhedslisten,Politiker,Rød blok,Mand,Side,,,FTV kandidat
191351967739859,Tobias Clausen,Sidse Gry Jeppesen,864,4,Enhedslisten,Politiker,Rød blok,Mand,Side,,,FTV kandidat
195621950482248,Rosa Lund,Enhedslisten,189,1,Enhedslisten,Politiker,Rød blok,Kvinde,Side,MF'ere,,
196270790402710,Rasmus Vestergaard Madsen,Madsen Rasmus Vestergaard,2500,4,Enhedslisten,Politiker,Rød blok,Mand,Side,MF'ere,,FTV kandidat
197276850783720,Peter Sig Politik,Peter Kristensen,263,3,Enhedslisten,Politiker,Rød blok,Mand,Side,,,FTV kandidat
217104742212650,Sinem Demir,Sinem Demir,9183,4,Enhedslisten,Politiker,Rød blok,Kvinde,Side,,,FTV kandidat
280128768754254,Enhedslisten Silkeborg,Andersen Mikkel Zøllner,500,1,Enhedslisten,Partiside,Rød blok,Partiside,Side,,,
285722315449568,Mai Villadsen,Enhedslisten,14284,5,Enhedslisten,Politiker,Rød blok,Kvinde,Side,MF'ere,Partileder,FTV kandidat
335907613542867,Ibrahim Benli,Ibrahim Benli,656,4,Enhedslisten,Politiker,Rød blok,Mand,Side,,,FTV kandidat
366165650071333,Enhedslisten Køge,Rolskov Niels,7472,8,Enhedslisten,Partiside,Rød blok,Partiside,Side,,,
418179784893842,Enhedslisten Hillerød,Rasmussen Karl-Erik,4265,13,Enhedslisten,Partiside,Rød blok,Partiside,Side,,,
483189488543763,Enhedslisten Kolding,Ivan Balleby,4442,12,Enhedslisten,Partiside,Rød blok,Partiside,Side,,,
529073117142827,Enhedslisten FuresØ,Vallentine Helle,300,1,Enhedslisten,Partiside,Rød blok,Partiside,Side,,,
529877860387822,Maria Temponeras,Hanne Maria Temponeras,2601,20,Enhedslisten,Politiker,Rød blok,Kvinde,Side,,,FTV kandidat
634536693240366,Enhedslisten Brøndby,Andersen Steen,480,1,Enhedslisten,Partiside,Rød blok,Partiside,Side,,,
640631499337955,Enhedslisten Nordjylland,Ostergaard Rasmus Falck,999,1,Enhedslisten,Partiside,Rød blok,Partiside,Side,,,
644720655573155,Enhedslisten Syddjurs,These ads ran without a disclaimer,155,1,Enhedslisten,Partiside,Rød blok,Partiside,Side,,,
810791178995871,Anne Hegelund,Enhedslisten Århus,9866,6,Enhedslisten,Politiker,Rød blok,Kvinde,Side,,,FTV kandidat
947582238609972,Søren Egge Rasmussen,Enhedslisten,533,4,Enhedslisten,Politiker,Rød blok,Mand,Side,MF'ere,,FTV kandidat
1122941634384463,Pelle Dragsted,Enhedslisten Frederiksberg,13185,20,Enhedslisten,Politiker,Rød blok,Mand,Side,,,FTV kandidat
1439131106299682,Enhedslisten Tårnby/Dragør,Hendriksen Jan,968,4,Enhedslisten,Partiside,Rød blok,Partiside,Side,,,
1484923544925064,Enhedslisten Sjælland,Janus Balleby Rønbach,9453,10,Enhedslisten,Partiside,Rød blok,Partiside,Side,,,
1518977018364329,Enhedslisten Vordingborg,Martin Graff Jørgensen,1947,3,Enhedslisten,Partiside,Rød blok,Partiside,Side,,,
1772088679517504,Enhedslisten Stine Rahbek,Enhedslisten i Ballerup,253,3,Enhedslisten,Politiker,Rød blok,Kvinde,Side,,,FTV kandidat
1911392715804524,Lisbeth Torfing - Enhedslisten,Lisbeth Torfing,10244,6,Enhedslisten,Politiker,Rød blok,Kvinde,Side,,,FTV kandidat
1988396728052020,Enhedslisten Roskilde,Skovrind Åge Martin,4000,3,Enhedslisten,Partiside,Rød blok,Partiside,Side,,,
2089188818032572,Ludmila Plenge Schütt,Ludmila Plenge Schütt,1518,6,Enhedslisten,Politiker,Rød blok,Kvinde,Side,,,FTV kandidat
103540631705004,Sikandar Siddique,Frie Grønne,9200,5,Frie Grønne,Politiker,Rød blok,Mand,Side,MF'ere,Partileder,FTV kandidat
103540631705004,Sikandar Siddique,These ads ran without a disclaimer,278,1,Frie Grønne,Politiker,Rød blok,Mand,Side,MF'ere,Partileder,FTV kandidat
104695404710124,Frie Grønne - Danmarks Nye Venstrefløjsparti,"Frie Grønne, Danmarks Nye Venstrefløjsparti",34136,21,Frie Grønne,Partiside,Rød blok,Partiside,Side,Nationalt parti,,
111628641645727,Daniel Tomicic - Frie Grønne,Larbi El Mekki,2062,2,Frie Grønne,Politiker,Rød blok,Mand,Side,,,FTV kandidat
332103627167661,Susanne Zimmer  MF,Zimmer Susanne,980,4,Frie Grønne,Politiker,Rød blok,Kvinde,Side,MF'ere,,FTV kandidat
39233495912,Det Konservative Folkeparti,Det Konservative Folkeparti,772895,404,Konservative,Partiside,Blå blok,Partiside,Side,Nationalt parti,,
106036798614,Christian Johnson - Konservativt Byrådsmedlem i Mariagerfjord,Christian Johnson,320,2,Konservative,Politiker,Blå blok,Mand,Side,,,
149343539775,Sofia Osmani - borgmester,Johnny Winther,6160,6,Konservative,Politiker,Blå blok,Kvinde,Side,,,
100142515634314,Dan Foss Kragh Folketingskandidat,Dan Foss Kragh,5393,43,Konservative,Politiker,Blå blok,Mand,Side,,,
100147429331328,Rico Djernis,Rico Djernis,14181,35,Konservative,Politiker,Blå blok,Mand,Side,,,FTV kandidat
100387002283487,Iben Busch - Konservative Bornholm,Iben Busch,160,2,Konservative,Politiker,Blå blok,Kvinde,Side,,,
100813922051097,Jeppe Korreborg Pedersen - Byrådsmedlem i Vesthimmerlands Kommune,Jeppe Korreborg Pedersen,1000,2,Konservative,Politiker,Blå blok,Mand,Side,,,
100830938993373,Peter Brix - Det Konservative Folkeparti,Peter Kjaen Brix,144,1,Konservative,Politiker,Blå blok,Mand,Side,,,
100886139289667,Sebastian Larvad,Sebastian Krøjgaard Larvad,2193,7,Konservative,Politiker,Blå blok,Mand,Side,,,FTV kandidat
100949595980127,Folketingskandidat Bitten Kvist Jakobsen,Bitten Kvist Jakobsen,4178,15,Konservative,Politiker,Blå blok,Kvinde,Side,,,FTV kandidat
101028235491379,Malene Sandfeld KV21 Frederiksberg,Malene R Sandfeld,1082,5,Konservative,Politiker,Blå blok,Kvinde,Side,,,
101305341933604,Tina Cartey Hansen,Tina Cartey Hansen,17325,12,Konservative,Politiker,Blå blok,Kvinde,Side,,,
101577915170938,Kirsten Hassing Nielsen - Det Konservative Folkeparti,Kirsten Hassing Nielsen,1899,3,Konservative,Politiker,Blå blok,Kvinde,Side,,,FTV kandidat
101958125541525,Dorthe Schmittroth Madsen,Det Konservative Folkeparti,5688,48,Konservative,Politiker,Blå blok,Kvinde,Side,,,
102146499284904,Det Konservative Folkeparti i Sydjylland,Rasmus Brunsgaard Sømod,14861,12,Konservative,Partiside,Blå blok,Partiside,Side,,,
102220115710109,Gitte Willumsen,Willumsen Gitte,48024,22,Konservative,Politiker,Blå blok,Kvinde,Side,MF'ere,,FTV kandidat
102417752086942,Oliver Bagge,Oliver Bagge Jensen,200,1,Konservative,Politiker,Blå blok,Mand,Side,,,
102483911679541,Regitze Harslund Sancoeur,Det Konservative Folkeparti,4223,10,Konservative,Politiker,Blå blok,Kvinde,Side,,,FTV kandidat
102483911679541,Regitze Harslund Sancoeur,These ads ran without a disclaimer,553,2,Konservative,Politiker,Blå blok,Kvinde,Side,,,FTV kandidat
103043358684459,Mikkel Højsleth - Folketingskandidat,Mikkel Højsleth,49274,29,Konservative,Politiker,Blå blok,Mand,Side,,,
103631455646619,Alexander Klitgaard Mikkelsen,Det Konservative Folkeparti,4252,8,Konservative,Politiker,Blå blok,Mand,Side,,,FTV kandidat
103631455646619,Alexander Klitgaard Mikkelsen,Alexander Klitgaard Mikkelsen,3395,14,Konservative,Politiker,Blå blok,Mand,Side,,,FTV kandidat
103833175171723,"Heidi Boss Nyby, Konservativ Byrådsmedlem, Fredensborg Kommune",Heidi Nyby,180,1,Konservative,Politiker,Blå blok,Kvinde,Side,,,
103992398981480,Annette Juhler Kjær,Annette Juhler Kjær,13228,31,Konservative,Politiker,Blå blok,Kvinde,Side,,,FTV kandidat
104021498923147,John Hoppe Folketingskandidat Det Konservative Folkeparti,John Hoppe,9408,9,Konservative,Politiker,Blå blok,Mand,Side,,,FTV kandidat
104096141525428,Anne Fiber - Det Konservative Folkeparti,Anne Katrine Berg Fiber,1027,14,Konservative,Politiker,Blå blok,Kvinde,Side,,,
104474062226754,Lene Burchardt,Lene Jensen,3722,32,Konservative,Politiker,Blå blok,Kvinde,Side,,,FTV kandidat
104597271851169,Birgitte Klippert,Birgitte Klippert,33136,34,Konservative,Politiker,Blå blok,Kvinde,Side,,,
104754988834397,Jakob Axel Nielsen,Det Konservative Folkeparti i Aalborg,49287,39,Konservative,Politiker,Blå blok,Mand,Side,,,FTV kandidat
104855648907404,Klaus Nyengaard,Klaus Randel Nyengaard,50401,84,Konservative,Politiker,Blå blok,Mand,Side,,,FTV kandidat
104868678588895,Rikke Norlyk i Folketinget for Syd- og Sønderjylland,Rikke La Cour Norlyk Holm Nielsen,13760,39,Konservative,Politiker,Blå blok,Kvinde,Side,,,
105016292198891,Anders Havelund Krøyer,Konservative i København,15830,41,Konservative,Politiker,Blå blok,Mand,Side,,,FTV kandidat
105156038283179,Kenny Schødt i Viborg Byråd,Kenny Schødt,143,1,Konservative,Politiker,Blå blok,Mand,Side,,,
105452445239833,Ole Gade i Folketinget,Ole Gade,84397,119,Konservative,Politiker,Blå blok,Mand,Side,,,FTV kandidat
105529997937913,"Helle Laursen Petersen, Politiker",Helle Laursen Petersen,40603,35,Konservative,Politiker,Blå blok,Kvinde,Side,,,FTV kandidat
105586298238578,Rasmus Dahlberg i Folketinget,Rasmus Dahlberg,61593,38,Konservative,Politiker,Blå blok,Mand,Side,,,
105663525658257,Jacob Stryhn - Det Konservative Folkeparti,Jacob Stryhn,11361,93,Konservative,Politiker,Blå blok,Mand,Side,,,FTV kandidat
105663525658257,Jacob Stryhn - Det Konservative Folkeparti,Jacob Stryhn - Det Konservative Folkeparti,10076,14,Konservative,Politiker,Blå blok,Mand,Side,,,FTV kandidat
105791732087827,Casper Øhlers,Det Konservative Folkeparti,17701,30,Konservative,Politiker,Blå blok,Mand,Side,,,
105791732087827,Casper Øhlers,Casper Øhlers,1239,3,Konservative,Politiker,Blå blok,Mand,Side,,,
105848352158836,Emma Juul Hansen,Emma Juul Hansen,22766,54,Konservative,Politiker,Blå blok,Kvinde,Side,,,FTV kandidat
106023361621379,Mette Jensen - Det Konservative Folkeparti,Mette Jensen,9424,44,Konservative,Politiker,Blå blok,Kvinde,Side,,,
106050211691902,Allan Beier,Allan Bilgaard Beier,3259,34,Konservative,Politiker,Blå blok,Mand,Side,,,FTV kandidat
106227167942900,Casper Nørgaard Maglekær,Casper Dick Vestergaard Maglekær,10597,37,Konservative,Politiker,Blå blok,Mand,Side,,,FTV kandidat
106270681594462,Nicola Emily Larsen,Nicola Emily Larsen,6261,22,Konservative,Politiker,Blå blok,Mand,Side,,,
106283905428437,Mads Silberg i Folketinget,Mads Silberg,850,3,Konservative,Politiker,Blå blok,Mand,Side,,,
106294441587137,Diana-Ester Eriksen,Det Konservative Folkeparti,3610,7,Konservative,Politiker,Blå blok,Kvinde,Side,,,FTV kandidat
106294441587137,Diana-Ester Eriksen,Diana-Ester Brandt Eriksen,937,6,Konservative,Politiker,Blå blok,Kvinde,Side,,,FTV kandidat
106678798277080,Lotte Friis Böing,Lotte Simone Emilie Friis Böing,88826,42,Konservative,Politiker,Blå blok,Kvinde,Side,,,
106886008104919,Benedikte Kiær,Benedikte Kiær,160,3,Konservative,Politiker,Blå blok,Kvinde,Side,,,
107014871726535,Trine Trærup Roungkvist,Trine Trærup Olsen,500,9,Konservative,Politiker,Blå blok,Kvinde,Side,,,FTV kandidat
107019041565904,Siff Tang Lassen - C,Det Konservative Folkeparti,3929,18,Konservative,Politiker,Blå blok,Kvinde,Side,,,
107019041565904,Siff Tang Lassen - C,Siff Tang Lassen,729,3,Konservative,Politiker,Blå blok,Kvinde,Side,,,
107574994874992,Helle Jønch,Helle Jønch,7436,17,Konservative,Politiker,Blå blok,Kvinde,Side,,,FTV kandidat
107672845296151,Folketingskandidat Kristian Damsgaard,Kristian Damsgaard,3546,14,Konservative,Politiker,Blå blok,Mand,Side,,,FTV kandidat
107692821813540,Michael Norup -  Konservativ Folketingskandidat,Michael Norup,27140,70,Konservative,Politiker,Blå blok,Mand,Side,,,
108411634385852,Heidi Printzen,Aarhus Konservative Vælgerforening,33122,45,Konservative,Politiker,Blå blok,Kvinde,Side,,,
108411634385852,Heidi Printzen,Heidi Printzen Christensen,3280,11,Konservative,Politiker,Blå blok,Kvinde,Side,,,
108919648089588,"Per Ørum - Byrådsmedlem og Gruppeformand, Konservative i Herning Kommune",Per Ørum Jørgensen,400,2,Konservative,Politiker,Blå blok,Mand,Side,,,
109698284495671,"Lise Bertelsen, politiker",Lise Bertelsen,7254,81,Konservative,Politiker,Blå blok,Kvinde,Side,,,FTV kandidat
109809464791561,Claus Dyremose - Det Konservative Folkeparti,Claus Dyremose,1200,6,Konservative,Politiker,Blå blok,Mand,Side,,,FTV kandidat
109935270614404,Allan Tirsgaard,Allan Tirsgaard Larsen,203,1,Konservative,Politiker,Blå blok,Mand,Side,,,
110194595113031,Rasmus Sandvej - Det Konservative Folkeparti,Rasmus Krabbe Sandvej,4661,26,Konservative,Politiker,Blå blok,Mand,Side,,,FTV kandidat
111356103731050,Tommy Rachlitz Nielsen - Det Konservative Folkeparti,Tommy Rachlitz Nielsen - Det Konservativ Folkeparti,500,1,Konservative,Politiker,Blå blok,Mand,Side,,,
111474633945760,Anders Storgaard,Anders Engelbrecht Storgaard,306,2,Konservative,Politiker,Blå blok,Mand,Side,,,
111849654594604,Tobias Bennedsen,Tobias Weisenberg Bennedsen,1962,8,Konservative,Politiker,Blå blok,Mand,Side,,,
112592331447479,Camillo Krog - Det Konservative Folkeparti,Camillo Thomas Krog,9772,33,Konservative,Politiker,Blå blok,Kvinde,Side,,,FTV kandidat
112633193819589,Nicolaj Aarøe,Nicolaj Fast Aarøe,1124,3,Konservative,Politiker,Blå blok,Mand,Side,,,
119769598101853,Konservativ Ungdom,Konservativ Ungdom,31540,45,Konservative,Partiside,Blå blok,Partiside,Side,,,
129802704387687,Per Larsen,Larsen Per,5624,7,Konservative,Politiker,Blå blok,Mand,Side,MF'ere,,FTV kandidat
131505154086548,Gitte Bach Andersen - politik,Gitte Andersen,167,3,Konservative,Politiker,Blå blok,Kvinde,Side,,,
138437593364872,Det Konservative Folkeparti i Varde Kommune,Hans Tosti Pedersen,1044,1,Konservative,Partiside,Blå blok,Partiside,Side,,,
147445529107267,Folketingskandidat Jesper Højmark Esbensen,Jesper Højmark Esbensen,4311,11,Konservative,Politiker,Blå blok,Mand,Side,,,FTV kandidat
153005544821843,Mads C. Andersen,Mads Andersen,42073,30,Konservative,Politiker,Blå blok,Mand,Side,,,FTV kandidat
161801967707312,Frederik Bloch Münster,Münster Frederik Bloch,45275,61,Konservative,Politiker,Blå blok,Mand,Side,,,FTV kandidat
162843287205735,Rasmus Jarlov,Rasmus Jarlov,24506,23,Konservative,Politiker,Blå blok,Mand,Side,MF'ere,,
162952140548832,Christoffer Buster Reinhardt,Reinhardt Christoffer Buster,98141,30,Konservative,Politiker,Blå blok,Mand,Side,,,FTV kandidat
176023815880541,Konservative i Thy,Molanders,13136,6,Konservative,Partiside,Blå blok,Partiside,Side,,,
177609692660255,Niels Flemming Hansen,Hansen Niels Flemming Schultz,52658,22,Konservative,Politiker,Blå blok,Mand,Side,MF'ere,,FTV kandidat
196889620497930,Kristian Guldfeldt,Guldfeldt Kristian Siemons,24250,15,Konservative,Politiker,Blå blok,Mand,Side,,,FTV kandidat
205255551517916,Joachim Hoffmann-Petersen,Joachim Torp Hoffmann-Petersen,13992,55,Konservative,Politiker,Blå blok,Mand,Side,,,
207100394675252,Steffen Peter Hansen,Steffen Peter Mackeith Borup Hansen,7992,5,Konservative,Politiker,Blå blok,Mand,Side,,,
213762135321831,Søren Vanting,Søren Vanting,2569,14,Konservative,Politiker,Blå blok,Mand,Side,,,FTV kandidat
220884988385840,Magnus Von Dreiager,Magnus Von Dreiager,15088,33,Konservative,Politiker,Blå blok,Mand,Side,,,FTV kandidat
221368818036876,Helle  Bonnesen,Det Konservative Folkeparti,27294,33,Konservative,Politiker,Blå blok,Kvinde,Side,,,FTV kandidat
229347797233832,Brigitte Klintskov Jerkel Politiker,Jerkel Brigitte Klintskov,58254,61,Konservative,Politiker,Blå blok,Kvinde,Side,MF'ere,,FTV kandidat
231609407194100,Isabella Arendt,Isabella Arendt Vlasman,26923,17,Konservative,Politiker,Blå blok,Kvinde,Side,,,FTV kandidat
238444083333468,Rasmus Elkjær Larsen - Politiker,Rasmus Elkjær Larsen,9627,12,Konservative,Politiker,Blå blok,Mand,Side,,,FTV kandidat
262868500820455,Dina Raabjerg,Bjarne Raabjerg,22607,27,Konservative,Politiker,Blå blok,Kvinde,Side,,,FTV kandidat
265403705309904,Mogens Birkelund - konservativ,Birkelund Mogens,24500,12,Konservative,Politiker,Blå blok,Mand,Side,,,
268579286974290,Lene Kjelgaard Jensen - Folketingskandidat Det Konservative Folkeparti,Det Konservative Folkeparti,13841,7,Konservative,Politiker,Blå blok,Kvinde,Side,,,FTV kandidat
268579286974290,Lene Kjelgaard Jensen - Folketingskandidat Det Konservative Folkeparti,Lene Brix Kjelgaard Jensen,2405,14,Konservative,Politiker,Blå blok,Kvinde,Side,,,FTV kandidat
271491613260426,Gang I Glostrup,Det Konservative Folkeparti i Glostrup,150,2,Konservative,Partiside,Blå blok,Partiside,Side,,,
274801571048099,Phillip Westh Weirup,Phillip Bruun Weirup,408,3,Konservative,Politiker,Blå blok,Mand,Side,,,
279118248817632,Det Konservative Folkeparti Halsnæs,Peter Nørris Dalsgaard,949,3,Konservative,Partiside,Blå blok,Partiside,Side,,,
279383622197240,Per Møller,Per Møller,1170,2,Konservative,Politiker,Blå blok,Mand,Side,,,
284544054997404,Konservative i Sorø Kommune,Konservative i Sorø Kommune,700,1,Konservative,Partiside,Blå blok,Partiside,Side,,,
291959844520896,Marcus Knuth,Marcus Knuth,161137,83,Konservative,Politiker,Blå blok,Mand,Side,MF'ere,,FTV kandidat
301279783370957,Steen Holm Iversen,Steen Holm Iversen,26974,16,Konservative,Politiker,Blå blok,Mand,Side,,,FTV kandidat
302162666784060,May-Britt Andrea Andersen,May-Britt Andrea Andersen,294,2,Konservative,Politiker,Blå blok,Kvinde,Side,,,
309867232515766,Mette Abildgaard,Mette Abildgaard,38326,36,Konservative,Politiker,Blå blok,Kvinde,Side,MF'ere,,FTV kandidat
310638582806533,Anders Krojgaard Lund,Anders Krojgaard Lund,3057,10,Konservative,Politiker,Blå blok,Mand,Side,,,FTV kandidat
314962322593667,Birgitte Bergman,Birgitte Bergman,56262,22,Konservative,Politiker,Blå blok,Kvinde,Side,MF'ere,,FTV kandidat
314962322593667,Birgitte Bergman,These ads ran without a disclaimer,1556,1,Konservative,Politiker,Blå blok,Kvinde,Side,MF'ere,,FTV kandidat
327826023928663,Rune Kristensen,Rune Kristensen,21836,28,Konservative,Politiker,Blå blok,Mand,Side,,,FTV kandidat
340621956038178,Henrik Sørensen - Det Konservative Folkeparti,Henrik Michael Borsholm Sørensen,24019,63,Konservative,Politiker,Blå blok,Mand,Side,,,
352886958450080,Martin Wood Pedersen - Folketingskandidat,Rikke Møller Nybråten,19656,49,Konservative,Politiker,Blå blok,Mand,Side,,,FTV kandidat
358828094665364,Mia Tang,Mia Tang,71088,104,Konservative,Politiker,Blå blok,Kvinde,Side,,,FTV kandidat
371163919965024,Andreas Karlsen,Karlsen Andreas Engelsborg,44839,60,Konservative,Politiker,Blå blok,Mand,Side,,,FTV kandidat
372384923138698,Nikolaj Frederiksen Det Konservative Folkeparti,Nikolaj Frederiksen,5927,10,Konservative,Politiker,Blå blok,Mand,Side,,,
397094903687472,Mai Mercado,Mai Mercado,51099,38,Konservative,Politiker,Blå blok,Kvinde,Side,MF'ere,,FTV kandidat
445247558994630,Konservative i Vejle,Mike Bregnhoved Storbank,2743,1,Konservative,Partiside,Blå blok,Partiside,Side,,,
460055244123143,Britt Bager,Bager Britt,90553,73,Konservative,Politiker,Blå blok,Kvinde,Side,MF'ere,,FTV kandidat
460055244123143,Britt Bager,These ads ran without a disclaimer,110,1,Konservative,Politiker,Blå blok,Kvinde,Side,MF'ere,,FTV kandidat
473552299659212,Mette Nøhr,Mette Nøhr,244,1,Konservative,Politiker,Blå blok,Kvinde,Side,,,
504310436316194,Laura Lindahl,Laura Lindahl,46424,57,Konservative,Politiker,Blå blok,Kvinde,Side,,,FTV kandidat
525176704212570,Per Urban Olsen,Per Urban Olsen,16756,16,Konservative,Politiker,Blå blok,Mand,Side,,,FTV kandidat
543020625784010,Simon Højer,Simon Moore Højer-Simonsen,850,6,Konservative,Politiker,Blå blok,Mand,Side,,,
566443056754736,Egil F. Hulgaard - Politik,Peter Hojmark Trasborg,38619,45,Konservative,Politiker,Blå blok,Mand,Side,MF'ere,,FTV kandidat
611046005621400,Signe Nøhr,Signe Nøhr Nielsen,1000,2,Konservative,Politiker,Blå blok,Kvinde,Side,,,
674034729594774,Nikolaj Bøgh,Nikolaj Bøgh,45524,61,Konservative,Politiker,Blå blok,Mand,Side,,,FTV kandidat
683682235062292,Jens-Henrik Kirk,Kirk Jens-Henrik,23895,33,Konservative,Politiker,Blå blok,Mand,Side,,,FTV kandidat
726053570758084,Roya Moore,Moore Roya,17590,19,Konservative,Politiker,Blå blok,Kvinde,Side,,,FTV kandidat
796255540533364,Hanne Bjørn,Benjamin Elberth,4000,6,Konservative,Politiker,Blå blok,Kvinde,Side,,,FTV kandidat
952334508116178,Søren Pape Poulsen,Søren Pape Poulsen,543569,67,Konservative,Politiker,Blå blok,Mand,Side,MF'ere,Partileder,FTV kandidat
1294169917367417,René Schneider,Rene Schneider,300,1,Konservative,Politiker,Blå blok,Mand,Side,,,
1386155778286762,Konservative Ringkøbing-Skjern,Lennart Hildebrand Qvist,10763,22,Konservative,Partiside,Blå blok,Partiside,Side,,,
1409459085932480,Konservative Ikast Brande,Peter Søgaard,714,4,Konservative,Partiside,Blå blok,Partiside,Side,,,
1443657599057803,Niels Martin Viuff,Niels Martin Viuff,59359,42,Konservative,Politiker,Blå blok,Mand,Side,,,FTV kandidat
1446377285612587,Henrik Dalgaard,Henrik Dalgaard Christensen,463,1,Konservative,Politiker,Blå blok,Mand,Side,,,
1477361382543402,Merete Scheelsbeck,Scheelsbeck Merete Elizabeth,44297,58,Konservative,Politiker,Blå blok,Kvinde,Side,,,FTV kandidat
1480537118852978,Michael Ziegler,Ziegler Michael,250,1,Konservative,Politiker,Blå blok,Mand,Side,,,
1515153445209007,Tina Hippe Hansen,Tina Hippe Hansen,372,3,Konservative,Politiker,Blå blok,Kvinde,Side,,,FTV kandidat
1541220236121470,Katarina Ammitzbøll,Katarina Ammitzboell,12316,34,Konservative,Politiker,Blå blok,Kvinde,Side,MF'ere,,FTV kandidat
1734122353548560,Carina Høedt,Carina Høedt,249,2,Konservative,Politiker,Blå blok,Kvinde,Side,,,
1804809396477200,Torben Wallner,Torben Wallner,249,1,Konservative,Politiker,Blå blok,Mand,Side,,,
1817924258521386,Tina-Mia Eriksen,Eriksen Tina Mia,452,2,Konservative,Politiker,Blå blok,Kvinde,Side,,,
1852431041663532,Peter Stakemann,Det Konservative Folkeparti,12056,29,Konservative,Politiker,Blå blok,Mand,Side,,,FTV kandidat
1895601153841380,Charlotte Green,Jens-Ole Hesel,22133,20,Konservative,Politiker,Blå blok,Kvinde,Side,,,
1952227698358463,"Jesper Tvilde, Konservativ byrådsmedlem i Fredensborg",Jesper Tvilde,800,1,Konservative,Politiker,Blå blok,Mand,Side,,,
1955595914671223,Sebastian Kaimson,Sebastian Joubert Kaimson,135,1,Konservative,Politiker,Blå blok,Mand,Side,,,
2079067062409423,Mona Juul,Juul Mona,122251,25,Konservative,Politiker,Blå blok,Kvinde,Side,MF'ere,,FTV kandidat
154892166283,Finn Andersen,Byrådspolitiker Finn Andersen,1306,1,Kristendemokraterne,Politiker,Blå blok,Mand,Side,,,FTV kandidat
100455314986095,KD Varde,Søren Pedersen,200,1,Kristendemokraterne,Partiside,Blå blok,Partiside,Side,,,
100956508785843,Karlo - politiker,KristenDemokraterne i Herning,1715,4,Kristendemokraterne,Politiker,Blå blok,Mand,Side,,,
101365852218726,Jacob Bang Politisk profil for KD,Jacob Bang,1597,5,Kristendemokraterne,Politiker,Blå blok,Mand,Side,,,FTV kandidat
102921128233450,KD - Aarhus Kommune,Frank Engdal,2999,9,Kristendemokraterne,Partiside,Blå blok,Partiside,Side,,,
103160762433020,Ester Esmarch KD,Ester Esmarch,3812,42,Kristendemokraterne,Politiker,Blå blok,Kvinde,Side,,,FTV kandidat
103922898992797,"Jørgen Bjerregaard - Folketingskandidat, Kristendemokraterne",Jørgen Bjerregaard,1638,7,Kristendemokraterne,Politiker,Blå blok,Mand,Side,,,FTV kandidat
104164435635812,Tina Mørk KD,Tina Mørk,2308,12,Kristendemokraterne,Politiker,Blå blok,Kvinde,Side,,,FTV kandidat
104665415387809,Michelle West Folketingskandidat,Michelle West,28083,32,Kristendemokraterne,Politiker,Blå blok,Kvinde,Side,,,
105379981699451,Jonas Røjkjær Laustsen - KD,KristenDemokraterne,8000,4,Kristendemokraterne,Politiker,Blå blok,Mand,Side,,,
106230431548468,Birgit Jakobsen,Birgit Jakobsen,5039,15,Kristendemokraterne,Politiker,Blå blok,Kvinde,Side,,,
110126118101226,KD Forsberg,Henrik Forsberg,2134,9,Kristendemokraterne,Politiker,Blå blok,Mand,Side,,,
111255031340945,Palle Bjørn Rosenkilde,Palle Bjørn Rosenkilde,572,4,Kristendemokraterne,Politiker,Blå blok,Mand,Side,,,FTV kandidat
116023864423098,Gert Dyrn KristenDemokraterne,Dyrn Gert,4279,8,Kristendemokraterne,Politiker,Blå blok,Mand,Side,,,FTV kandidat
180658048629404,Kristendemokraterne,Kristendemokraterne,60847,31,Kristendemokraterne,Partiside,Blå blok,Partiside,Side,Nationalt parti,,
204097578302129,Mirjam Fibiger Olesen - kandidat for KD,Mirjam Fibiger Olesen,5595,11,Kristendemokraterne,Politiker,Blå blok,Kvinde,Side,,,FTV kandidat
247534120499912,Jesper Housgaard - KD,Jesper Housgaard Petersen,7103,16,Kristendemokraterne,Politiker,Blå blok,Mand,Side,,,FTV kandidat
265160783513074,KD - KristenDemokraterne på Fyn,KD - KristenDemokraterne på Fyn,2798,17,Kristendemokraterne,Partiside,Blå blok,Partiside,Side,,,
431697850703771,Anne-Marie Jørgensen,Anne-Marie Mølbæk Jørgensen,1868,10,Kristendemokraterne,Politiker,Blå blok,Kvinde,Side,,,FTV kandidat
447464948706088,Kristendemokraterne i Region Nordjylland,Kristendemokraterne,818,5,Kristendemokraterne,Partiside,Blå blok,Partiside,Side,,,
461906303966227,Stig Grenov,Grenov Stig,177,1,Kristendemokraterne,Politiker,Blå blok,Mand,Side,,,
531302376960785,Jens Kr. Mølby Folketingskandidat for KD,Nielsen Jens Kristian Mølby,3140,6,Kristendemokraterne,Politiker,Blå blok,Mand,Side,,,FTV kandidat
576535605807318,Peter Scheining,Peter Scheining,1596,1,Kristendemokraterne,Politiker,Blå blok,Mand,Side,,,FTV kandidat
581466148711116,Henrik Hjortshøj - KristenDemokraterne,Henrik Hjortshøj,7921,24,Kristendemokraterne,Politiker,Blå blok,Mand,Side,,,FTV kandidat
1074613889386015,Søren Lydeking Pedersen - KD Kandidat,Søren Pedersen,2131,23,Kristendemokraterne,Politiker,Blå blok,Mand,Side,,,FTV kandidat
2229332167280623,"Marianne Karlsmose, KD-politiker",Kristendemokraterne,32509,12,Kristendemokraterne,Politiker,Blå blok,Kvinde,Side,,Partileder,FTV kandidat
107893513382,Liberal Alliances Ungdom,Liberal Alliances Ungdom,15519,1,Liberal Alliance,Partiside,Blå blok,Partiside,Side,,,
100114205665334,Thorbjørn Jacobsen,Thorbjorn Futtrup Jacobsen,900,3,Liberal Alliance,Politiker,Blå blok,Mand,Side,,,
100620235211199,Carl Andersen i Folketinget,Carl Andersen i Folketinget,9233,86,Liberal Alliance,Politiker,Blå blok,Mand,Side,,,
100785782446073,Simon Karim Helledie - Liberal Alliance,Simon Karim Helledie,19769,14,Liberal Alliance,Politiker,Blå blok,Mand,Side,,,FTV kandidat
101154192017858,Steffen Jespersen i Folketinget,Steffen Georg Jespersen,254,3,Liberal Alliance,Politiker,Blå blok,Mand,Side,,,
101500148837411,"Marcus Techow Danielsson - Venstre, Danmarks Liberale Parti",Marcus Techow Danielsson,7489,9,Liberal Alliance,Politiker,Blå blok,Mand,Side,,,
102063998456532,Alexander Ryle,Alexander Ryle,14046,82,Liberal Alliance,Politiker,Blå blok,Mand,Side,,,
102834855411467,Peter Loft Liberal Alliance,Peter Sam Loft,5151,11,Liberal Alliance,Politiker,Blå blok,Mand,Side,,,FTV kandidat
103276942425086,Lars Høyer Holmqvist - Folketingskandidat Liberal Alliance,Lars Hoyer Holmqvist,7329,60,Liberal Alliance,Politiker,Blå blok,Mand,Side,,,FTV kandidat
104731702087348,Katrine Daugaard - Liberal Alliance,Katrine Daugaard Christensen,4206,7,Liberal Alliance,Politiker,Blå blok,Kvinde,Side,,,FTV kandidat
104935758853057,Kim Alexander Jensen - Liberal Alliance,Kim Alexander Lykke Jensen,8077,29,Liberal Alliance,Politiker,Blå blok,Mand,Side,,,FTV kandidat
105260871940360,Carsten Andersen kandidat Liberal Alliance,Carsten Andersen,1081,5,Liberal Alliance,Politiker,Blå blok,Mand,Side,,,
105361865420519,Lisa Perkins - Liberal Alliance,Lisa Perkins - Liberal Alliance,2487,5,Liberal Alliance,Politiker,Blå blok,Kvinde,Side,,,FTV kandidat
105652505550626,Steffen W. Frølund,Steffen W. Frølund,41304,112,Liberal Alliance,Politiker,Blå blok,Mand,Side,,,FTV kandidat
106121348733143,Louise Brown i Folketinget,Louise Brown,850,2,Liberal Alliance,Politiker,Blå blok,Kvinde,Side,,,FTV kandidat
106952222676974,Liberal Alliance,Liberal Alliance,2575818,529,Liberal Alliance,Partiside,Blå blok,Partiside,Side,Nationalt parti,,
108398708651881,Dorthe Wildt Nielsen - Liberal Alliance,Dorthe Wildt Nielsen,350,6,Liberal Alliance,Politiker,Blå blok,Kvinde,Side,,,FTV kandidat
109373161554612,"Andreas Danielsen, Byrådskandidat for Liberal Alliance i Køge",Andreas Christian Danielsen,460,7,Liberal Alliance,Politiker,Blå blok,Mand,Side,,,FTV kandidat
110777013721056,"Lars-Christian Brask, Liberal Alliance",Brask Lars-Christian,35687,21,Liberal Alliance,Politiker,Blå blok,Mand,Side,,,
111543314804324,Martin Sibast Laugesen - Liberal Alliance,Martin Sibast Laugesen,6472,9,Liberal Alliance,Politiker,Blå blok,Mand,Side,,,
115776031920418,Liberal Alliance Roskilde,Liberal Alliance Roskilde & Lejre,500,1,Liberal Alliance,Partiside,Blå blok,Partiside,Side,,,
116053533164959,Michel Thrysøe,Michel Thrysøe,209,1,Liberal Alliance,Politiker,Blå blok,Mand,Side,,,FTV kandidat
118948271632865,Henrik Dahl,Henrik Dahl,25798,77,Liberal Alliance,Politiker,Blå blok,Mand,Side,MF'ere,,
196469133697258,Liberal Alliance - Nordjylland,Liberal Alliance Nordjylland,2542,37,Liberal Alliance,Partiside,Blå blok,Partiside,Side,,,
279900715782033,Steffen Larsen,Larsen Steffen,18618,13,Liberal Alliance,Politiker,Blå blok,Mand,Side,,,FTV kandidat
390155081022954,Liberal Alliance Gladsaxe,Jørgen Juhl,1300,3,Liberal Alliance,Partiside,Blå blok,Partiside,Side,,,
441211119381442,Lene Foged,Foged Lene,800,2,Liberal Alliance,Politiker,Blå blok,Kvinde,Side,,,FTV kandidat
546989505689609,Sólbjørg Jakobsen,Liberal Alliance Nordjylland,64729,20,Liberal Alliance,Politiker,Blå blok,Kvinde,Side,,,FTV kandidat
635185493257674,Carsten Bach,Riis Carsten Bach,13868,25,Liberal Alliance,Politiker,Blå blok,Mand,Side,,,FTV kandidat
636262127017806,Mikkel Pedersen - Liberal Alliance,Mikkel Nygaard Pedersen,600,2,Liberal Alliance,Politiker,Blå blok,Mand,Side,,,FTV kandidat
671022293105597,Alex Vanopslagh,Alex Vanopslagh,316810,82,Liberal Alliance,Politiker,Blå blok,Mand,Side,MF'ere,Partileder,FTV kandidat
819684188163173,Liberal Alliance Ringkøbing-Skjern,Soren Moller Christensen,246,3,Liberal Alliance,Partiside,Blå blok,Partiside,Side,,,
820070458166704,Nicolai Sandager - Liberal Alliance,Nicolai Sandager,5906,39,Liberal Alliance,Politiker,Blå blok,Mand,Side,,,FTV kandidat
1469658016633937,Danny Malkowski,Danny Stuhr Malkowski,16681,33,Liberal Alliance,Politiker,Blå blok,Mand,Side,,,FTV kandidat
1550318855207094,Jens Meilvang,Meilvang Jens,80119,23,Liberal Alliance,Politiker,Blå blok,Mand,Side,,,FTV kandidat
1638487316462005,Kim Bjoernstrup,Kim Bjoernstrup,16104,32,Liberal Alliance,Politiker,Blå blok,Mand,Side,,,FTV kandidat
100107942828713,Jon Stephensen,Jon Stephensen,10000,14,Moderaterne,Politiker,Blå blok,Mand,Side,,,FTV kandidat
100369706141088,Mike Villa Fonseca,Mike Villa Fonseca,1418,6,Moderaterne,Politiker,Blå blok,Mand,Side,,,FTV kandidat
101070612695482,Lean Milo • Moderaterne,Lean Milo - Moderaterne,73006,19,Moderaterne,Politiker,Blå blok,Mand,Side,,,FTV kandidat
101683329188798,HCWulff.dk,Hans Christian Hidalgo Wulff,24456,29,Moderaterne,Politiker,Blå blok,Mand,Side,,,FTV kandidat
101996362548612,Rasmus Lund-Nielsen - Moderaterne,Rasmus Lund-Nielsen,2239,8,Moderaterne,Politiker,Blå blok,Mand,Side,,,FTV kandidat
102325322514301,Louise Østergaard Davidsen - Folketingskandidat,Louise Davidsen - Folketingskandidat for Moderaterne,1393,3,Moderaterne,Politiker,Blå blok,Kvinde,Side,,,FTV kandidat
102744149091447,Johan Kahl,Johan Frederik Kahl Aagaard,3288,28,Moderaterne,Politiker,Blå blok,Mand,Side,,,FTV kandidat
103118921588659,Nikolaj Gam-Pedersen - Moderaterne,Nikolaj Gam-Pedersen,4849,9,Moderaterne,Politiker,Blå blok,Mand,Side,,,FTV kandidat
103493782327951,Tobias Grotkjær Elmstrøm,Tobias Grotkjær Elmstrøm,27269,67,Moderaterne,Politiker,Blå blok,Mand,Side,,,FTV kandidat
106140365096197,Michael Hertz,Michael Hertz,94936,15,Moderaterne,Politiker,Blå blok,Mand,Side,,,FTV kandidat
107369661875730,"Mohammad Rona - Moderaterne, Nordjylland",Mohammadahmad Rona,2021,7,Moderaterne,Politiker,Blå blok,Mand,Side,,,FTV kandidat
108273171366317,Moderaterne,Moderaterne,249904,40,Moderaterne,Partiside,Blå blok,Partiside,Side,Nationalt parti,,
109573191663931,Moderaterne // Fyn,Michael Behrens Slot,1130,4,Moderaterne,Politiker,Blå blok,Partiside,Side,,,FTV kandidat
109840211635817,Moderaterne // Østjylland,Jes Jorn Bach Appel,1500,5,Moderaterne,Politiker,Blå blok,Partiside,Side,,,FTV kandidat
110694135092888,Kenneth Bjerg Andersen - Folketingskandidat,Kenneth Bjerg Andersen,3260,15,Moderaterne,Politiker,Blå blok,Mand,Side,,,FTV kandidat
111051074711032,Monika Rubin,Monika Afzali,34118,35,Moderaterne,Politiker,Blå blok,Kvinde,Side,,,
111197364946280,Kim Rasmussen,Kim Rasmussen,11014,96,Moderaterne,Politiker,Blå blok,Mand,Side,,,FTV kandidat
111197364946280,Kim Rasmussen,These ads ran without a disclaimer,497,1,Moderaterne,Politiker,Blå blok,Mand,Side,,,FTV kandidat
112517681572786,Jan Carlsen Folketingskandidat Moderaterne,Jan Erik Carlsen,1932,5,Moderaterne,Politiker,Blå blok,Mand,Side,,,FTV kandidat
112565907996376,Peter Have,Moderaterne,45000,6,Moderaterne,Politiker,Blå blok,Mand,Side,,,FTV kandidat
367393607185937,Rosa Bechmann Eriksen,Rosa Regitze Bechmann Eriksen,1467,5,Moderaterne,Politiker,Blå blok,Kvinde,Side,,,FTV kandidat
426514307462715,Benjamin Lindberg,Benjamin Henning Lindberg,5035,7,Moderaterne,Politiker,Blå blok,Mand,Side,,,FTV kandidat
609268912419577,Jeppe Søe,Søe Jeppe,19014,13,Moderaterne,Politiker,Blå blok,Mand,Side,,,FTV kandidat
1070819859727581,Erick Thürmer,Erick Thürmer,57949,56,Moderaterne,Politiker,Blå blok,Mand,Side,,,
100343001690599,"Niels Peder Ravn, Nye Borgerlige København",Nye Borgerlige,22958,72,Nye Borgerlige,Politiker,Blå blok,Mand,Side,,,FTV kandidat
100343001690599,"Niels Peder Ravn, Nye Borgerlige København",Niels Peder Ravn,6688,13,Nye Borgerlige,Politiker,Blå blok,Mand,Side,,,FTV kandidat
100352341813145,"Mogens Aaby - Folketingskandidat, Nye Borgerlige, Midt- og Vestjylland",Nye Borgerlige,16231,80,Nye Borgerlige,Politiker,Blå blok,Mand,Side,,,
100449688437243,Mormor Uden Filter,Karina Charlotta Hagger Kirk,9198,27,Nye Borgerlige,Politiker,Blå blok,Kvinde,Side,,,
100588538904188,Kim Andkjær Doberck Nye Borgerlige,Kim Doberck,6951,8,Nye Borgerlige,Politiker,Blå blok,Mand,Side,,,FTV kandidat
100773945785466,Jan Tambo politik,Jan Tambo,400,1,Nye Borgerlige,Politiker,Blå blok,Mand,Side,,,
101467111987376,"Githa Nelander, Nye Borgerlige",Githa Lone Nelander,1676,7,Nye Borgerlige,Politiker,Blå blok,Kvinde,Side,,,FTV kandidat
102000534960190,Knud Nielsen Nye Borgerlige,Thomas Kristensen,1000,1,Nye Borgerlige,Politiker,Blå blok,Mand,Side,,,
102502398586277,"Jens K. Lundager - Politiker, Nye Borgerlige",Jens Lundager,8927,11,Nye Borgerlige,Politiker,Blå blok,Mand,Side,,,
103024345378846,Henriette Ergemann Nye Borgerlige,Jesper Høgedal,11374,12,Nye Borgerlige,Politiker,Blå blok,Kvinde,Side,,,FTV kandidat
105371988483245,Allan Orland,Allan Orland,218,2,Nye Borgerlige,Politiker,Blå blok,Mand,Side,,,
105847858597466,Malte Jäger,Malte Brovall Jäger,3282,14,Nye Borgerlige,Politiker,Blå blok,Mand,Side,,,FTV kandidat
106068555605916,Søren Regenberg,Søren Regenberg,2262,26,Nye Borgerlige,Politiker,Blå blok,Mand,Side,,,FTV kandidat
106504354911259,Jonas René Jensen,Jonas Rene Jensen,639,4,Nye Borgerlige,Politiker,Blå blok,Mand,Side,,,FTV kandidat
107307551223854,Thorsten Larsen-Seul - Nye Borgerlige Holbæk,Thorsten Larsen-Seul,532,2,Nye Borgerlige,Partiside,Blå blok,Partiside,Side,,,
108368061958265,Lars Sternkopf Lillebæk. Folketingskandidat for Nye Borgerlige.,Lars Lillebæk,2171,9,Nye Borgerlige,Politiker,Blå blok,Mand,Side,,,FTV kandidat
109065231390109,Jan Køpke Christensen Nye Borgerlige,Jan Kopke Christensen,13395,15,Nye Borgerlige,Politiker,Blå blok,Mand,Side,,,FTV kandidat
109468014890483,Carsten Winther - Nye Borgerlige,Carsten-Bo Winther Petersen,1131,7,Nye Borgerlige,Politiker,Blå blok,Mand,Side,,,FTV kandidat
111902564485238,"Jes Halfdan - Folketingskandidat, Nye Borgerlige, Østjylland",Jes Halfdan Nielsen,509,15,Nye Borgerlige,Politiker,Blå blok,Mand,Side,,,
113158773469624,Pernille Vermund,Nye Borgerlige,151296,101,Nye Borgerlige,Politiker,Blå blok,Kvinde,Side,MF'ere,Partileder,FTV kandidat
131007633633768,Marianne Mørk Mathiesen,Marianne Mørk Mathiesen,5724,4,Nye Borgerlige,Politiker,Blå blok,Kvinde,Side,,,FTV kandidat
179637975862965,Ulrik Nick Lassen,Ulrik Nick Lassen,476,1,Nye Borgerlige,Politiker,Blå blok,Mand,Side,,,FTV kandidat
348747229200158,Mikkel Bjørn,Nye Borgerlige,31749,73,Nye Borgerlige,Politiker,Blå blok,Mand,Side,,,
348747229200158,Mikkel Bjørn,Sorensen Mikkel Bjorn Roland,19001,38,Nye Borgerlige,Politiker,Blå blok,Mand,Side,,,
398454550257699,Lars Boje Mathiesen,Nye Borgerlige,232943,67,Nye Borgerlige,Politiker,Blå blok,Mand,Side,MF'ere,,FTV kandidat
447825582087613,Nye Borgerlige Egedal,Nye Borgerlige Egedal,5300,4,Nye Borgerlige,Partiside,Blå blok,Partiside,Side,,,
533374726861312,Kim Edberg Andersen,Nye Borgerlige,40713,51,Nye Borgerlige,Politiker,Blå blok,Mand,Side,,,FTV kandidat
558264277704559,John Bjerg     Nye Borgerlige    Jammerbugten,Bjerg John,1138,6,Nye Borgerlige,Politiker,Blå blok,Mand,Side,,,FTV kandidat
638113892944657,Jan Bigum Warming,Jan Warming,79076,61,Nye Borgerlige,Politiker,Blå blok,Mand,Side,,,
638113892944657,Jan Bigum Warming,These ads ran without a disclaimer,768,3,Nye Borgerlige,Politiker,Blå blok,Mand,Side,,,
646746285466931,Nye Borgerlige,Nye Borgerlige,13788,11,Nye Borgerlige,Partiside,Blå blok,Partiside,Side,Nationalt parti,,
718327901589937,Mette Thiesen,Nye Borgerlige,41963,73,Nye Borgerlige,Politiker,Blå blok,Kvinde,Side,MF'ere,,FTV kandidat
786854568082867,Thomas Vedsted,These ads ran without a disclaimer,375,1,Nye Borgerlige,Politiker,Blå blok,Mand,Side,,,FTV kandidat
1076649382425904,Nye Borgerlige i Aabenraa kredsen,Jonas Zuschke,2230,3,Nye Borgerlige,Partiside,Blå blok,Partiside,Side,,,
1104790642968068,Peter Seier Christensen,Nye Borgerlige,41010,71,Nye Borgerlige,Politiker,Blå blok,Mand,Side,MF'ere,,FTV kandidat
1104790642968068,Peter Seier Christensen,Peter Seier Christensen,14228,29,Nye Borgerlige,Politiker,Blå blok,Mand,Side,MF'ere,,FTV kandidat
1290688527749987,Hans Blaaberg,Hans Blaaberg,3041,33,Nye Borgerlige,Politiker,Blå blok,Mand,Side,,,
1392451360871381,Claus Bøgh Svenningsen,Svenningsen Claus Bogh,11603,57,Nye Borgerlige,Politiker,Blå blok,Mand,Side,,,FTV kandidat
1506662992747146,Ulla Kokfelt,Nye Borgerlige,14421,83,Nye Borgerlige,Politiker,Blå blok,Kvinde,Side,,,FTV kandidat
1875899649300807,Tom Andkjær,Tom Andkjær Camargo,2961,9,Nye Borgerlige,Politiker,Blå blok,Mand,Side,,,FTV kandidat
12458150929,Radikale Venstre,Radikale Venstre,89801,206,Radikale Venstre,Partiside,Rød blok,Partiside,Side,Nationalt parti,,
110201045154,Hovedstadens Radikale Venstre,Hovedstadens Radikale Venstre,21354,60,Radikale Venstre,Partiside,Rød blok,Partiside,Side,,,
100297329347407,Peter Zinckernagel,Peter Zinckernagel,18848,16,Radikale Venstre,Politiker,Rød blok,Mand,Side,,,FTV kandidat
101564562484880,Steffen Helledie,Steffen Holme Helledie,19810,53,Radikale Venstre,Politiker,Rød blok,Mand,Side,,,FTV kandidat
101837259225128,Lukas Lunøe,Lukas Lunøe,4667,12,Radikale Venstre,Politiker,Rød blok,Mand,Side,,,FTV kandidat
103666334942844,Freja Fokdal,Freja Møller Fokdal,292,1,Radikale Venstre,Politiker,Rød blok,Kvinde,Side,,,
104015216329806,Christian Holm Donatzky - Radikale Venstre,Christian Holm Donatzky,11767,34,Radikale Venstre,Politiker,Rød blok,Mand,Side,,,FTV kandidat
105588348406625,Sascha Fich,Sascha Fich,249,1,Radikale Venstre,Politiker,Rød blok,Kvinde,Side,,,
106066181223394,Anders Medum Groth,Anders Medum Groth,633,2,Radikale Venstre,Politiker,Rød blok,Mand,Side,,,
106274738631336,Klaus Bondam - Radikale Venstre,Martin Paludan,16111,12,Radikale Venstre,Politiker,Rød blok,Mand,Side,,,
106466588623519,Clara Halvorsen,Clara Halvorsen,200,2,Radikale Venstre,Politiker,Rød blok,Kvinde,Side,,,FTV kandidat
107021104933958,Edris Qasimi,Edris Qasimi,1774,3,Radikale Venstre,Politiker,Rød blok,Mand,Side,,,
107066291627436,Thomas Rohden,Thomas Rohden,3571,14,Radikale Venstre,Politiker,Rød blok,Mand,Side,,,FTV kandidat
107339525042468,Hikmet Altun Radikale Venstre,Hikmet Altun,4879,12,Radikale Venstre,Politiker,Rød blok,Kvinde,Side,,,
108753414392521,Politik.design Folketingskandidat Bjarne Lastein,Bjarne Lastein,1878,1,Radikale Venstre,Politiker,Rød blok,Mand,Side,,,FTV kandidat
109659338204744,Keld Marstrand Wang - Din Radikale Stemme,Keld Christensen,2161,13,Radikale Venstre,Politiker,Rød blok,Mand,Side,,,FTV kandidat
110074700906511,Metin Lindved Aydin - Radikale Venstre,Metin Lindved Aydin,128,1,Radikale Venstre,Politiker,Rød blok,Mand,Side,,,
110713505057966,Anders Højsted - Radikale Venstre,Anders Christian Højsted,547,5,Radikale Venstre,Politiker,Rød blok,Mand,Side,,,FTV kandidat
112069957010051,Kim Lei-Jensen,Kim Lei-Jensen,16094,27,Radikale Venstre,Politiker,Rød blok,Mand,Side,,,FTV kandidat
112878118142999,Charlotte Amdi Burgess - kandidat til Folketinget for Radikale Venstre,Charlotte Jennifer Amdi Burgess,1414,7,Radikale Venstre,Politiker,Rød blok,Kvinde,Side,,,
113588132144811,Ruben Kidde,Ruben Kidde,68130,25,Radikale Venstre,Politiker,Rød blok,Mand,Side,MF'ere,,FTV kandidat
116643481027130,Brian Køster - Radikale Venstre,Brian Køster,6220,33,Radikale Venstre,Politiker,Rød blok,Mand,Side,,,FTV kandidat
116815188998165,Tine Hessner - Politiker - Radikale Venstre,Hessner Tine,5468,11,Radikale Venstre,Politiker,Rød blok,Kvinde,Side,,,
116820447672825,Julius Bjørn Honoré,Julius Bjørn Honoré,463,2,Radikale Venstre,Politiker,Rød blok,Mand,Side,,,FTV kandidat
118997815373616,Bjarne Axelsen - Liste B - Radikale Venstre,Bjarne Axelsen,1360,6,Radikale Venstre,Politiker,Rød blok,Mand,Side,,,FTV kandidat
127344360615074,Zenia Stampe,Zenia Stampe,74231,39,Radikale Venstre,Politiker,Rød blok,Kvinde,Side,MF'ere,,FTV kandidat
132364993978468,Andreas Steenberg,Andreas Steenberg,84186,109,Radikale Venstre,Politiker,Rød blok,Mand,Side,MF'ere,,FTV kandidat
144514992317873,Christian Friis Bach,Johannes Vestergaard,33190,18,Radikale Venstre,Politiker,Rød blok,Mand,Side,,,FTV kandidat
148503605321490,Gang i Helsingør - Radikale Venstre Helsingør,Mogensen Knud,424,1,Radikale Venstre,Partiside,Rød blok,Partiside,Side,,,
148900938515423,Sofie Carsten Nielsen,Radikale Venstre,81978,71,Radikale Venstre,Politiker,Rød blok,Kvinde,Side,MF'ere,Partileder,FTV kandidat
150628998315242,Marie Kampmann,Marie Kampmann,15114,14,Radikale Venstre,Politiker,Rød blok,Kvinde,Side,,,
170821413115387,Rune Christiansen - Radikale Venstre,Christiansen Rune,5589,16,Radikale Venstre,Politiker,Rød blok,Mand,Side,,,FTV kandidat
171415843027399,Christina Thorholm,Christina Thorholm,15930,41,Radikale Venstre,Politiker,Rød blok,Kvinde,Side,MF'ere,,FTV kandidat
190273501371925,Anne Sophie Callesen,Collesen Anne Sophie,3839,8,Radikale Venstre,Politiker,Rød blok,Kvinde,Side,MF'ere,,FTV kandidat
205520736251918,Leon Sebbelin - lokalpolitiker i Rebild,Sebbelin Leon,250,1,Radikale Venstre,Politiker,Rød blok,Mand,Side,,,
223922604347828,Radikale Venstre - Horsens,Radikale Venstre Horsens,3300,12,Radikale Venstre,Partiside,Rød blok,Partiside,Side,,,
255662998253921,Nils Sjøberg,Radikale Venstre Sønderborg,2741,4,Radikale Venstre,Politiker,Rød blok,Mand,Side,,,FTV kandidat
276817062372351,Lotte Rod,Lotte Rod,6897,10,Radikale Venstre,Politiker,Rød blok,Kvinde,Side,MF'ere,,FTV kandidat
293266234170207,Line Krogh Lay,Lay Line Krogh,9776,23,Radikale Venstre,Politiker,Rød blok,Kvinde,Side,,,FTV kandidat
296162270923977,Frederik Aagaard Sørensen,Frederik Aagaard ørensen,363,2,Radikale Venstre,Politiker,Rød blok,Mand,Side,,,
307734896005982,Radikale Venstre i Næstved,Rasmus Eliasen,200,1,Radikale Venstre,Partiside,Rød blok,Partiside,Side,,,
337594876360078,Daniel Nyboe Andersen,Andersen Daniel Nyboe,13953,39,Radikale Venstre,Politiker,Rød blok,Mand,Side,,,FTV kandidat
345713935514777,Johan Brødsgaard,Johan Brødsgaard,567,6,Radikale Venstre,Politiker,Rød blok,Mand,Side,,,FTV kandidat
348713338478849,Samira Nawa,Samira Nawa,32766,27,Radikale Venstre,Politiker,Rød blok,Kvinde,Side,MF'ere,,FTV kandidat
368675206578061,Stem Stokholm,Kristian Stokholm,1274,7,Radikale Venstre,Politiker,Rød blok,Mand,Side,,,
420136134779327,Finn Hartvig Nielsen,Nielsen Finn Hartvig,2766,3,Radikale Venstre,Politiker,Rød blok,Mand,Side,,,FTV kandidat
442403485851495,Morten Helveg Petersen,Morten Helveg Petersen,1000,1,Radikale Venstre,Politiker,Rød blok,Mand,Side,MEP'ere,,
447217575331947,Martin Lidegaard,Martin Lidegaard,34708,34,Radikale Venstre,Politiker,Rød blok,Mand,Side,MF'ere,,FTV kandidat
450964118689253,"Susan Kronborg, Radikale Venstre",Susan Nielsen,3506,7,Radikale Venstre,Politiker,Rød blok,Kvinde,Side,MF'ere,,FTV kandidat
527398997320671,Anne Marie Geisler Andersen,Anne Marie Geister Andersen,1760,8,Radikale Venstre,Politiker,Rød blok,Kvinde,Side,,,FTV kandidat
810476755802044,Kathrine Olldag,Olldag Kathrine,5691,16,Radikale Venstre,Politiker,Rød blok,Kvinde,Side,MF'ere,,FTV kandidat
810476755802044,Kathrine Olldag,Mette Beltoft Smidt Olesen,3633,4,Radikale Venstre,Politiker,Rød blok,Kvinde,Side,MF'ere,,FTV kandidat
1023800171056309,Radikale Venstre Middelfart Kommune,Radikale Venstre Middelfart Kommune,608,1,Radikale Venstre,Partiside,Rød blok,Partiside,Side,,,
1377441749244487,Rasmus Helveg Petersen,Rasmus Helveg Petersen,6179,11,Radikale Venstre,Politiker,Rød blok,Mand,Side,MF'ere,,FTV kandidat
1438856909487306,Jacob Netteberg,Netteberg Jacob,3200,6,Radikale Venstre,Politiker,Rød blok,Mand,Side,,,FTV kandidat
1520655051339394,Christina Rittig Falkberg,Christina Falkberg,3945,21,Radikale Venstre,Politiker,Rød blok,Kvinde,Side,,,FTV kandidat
1662499827133567,Maria Katarina Nielsen,Maria Katarina Nielsen,300,1,Radikale Venstre,Politiker,Rød blok,Kvinde,Side,,,
1672424246120349,Esat Sentürk,Esat Senturk,7746,19,Radikale Venstre,Politiker,Rød blok,Mand,Side,,,FTV kandidat
1776325615954207,Josefine Schlosser - Radikale Venstre,Schlosser Josefine Helene Gronnegaard,2097,8,Radikale Venstre,Politiker,Rød blok,Kvinde,Side,,,FTV kandidat
1791759817712146,Katrine Robsøe,Robsøe Katrine Kjaer,19588,19,Radikale Venstre,Politiker,Rød blok,Kvinde,Side,MF'ere,,FTV kandidat
1809076829415056,Hanne Ringgaard Radikale Venstre,Hanne Ringgaard Møller,472,6,Radikale Venstre,Politiker,Rød blok,Kvinde,Side,,,
1835479753388173,Radikale Venstre i Nordsjælland,Christian Fink Elkjær,1762,4,Radikale Venstre,Politiker,Rød blok,Partiside,Side,,,FTV kandidat
24352982198,Ida Auken,Ida Auken,80183,24,Socialdemokratiet,Politiker,Rød blok,Kvinde,Side,MF'ere,,FTV kandidat
24352982198,Ida Auken,These ads ran without a disclaimer,276,1,Socialdemokratiet,Politiker,Rød blok,Kvinde,Side,MF'ere,,FTV kandidat
41459763029,Socialdemokratiet,Socialdemokratiet,1103133,239,Socialdemokratiet,Partiside,Rød blok,Partiside,Side,Nationalt parti,,
57497067718,Mette Frederiksen,Socialdemokratiet,375821,27,Socialdemokratiet,Politiker,Rød blok,Kvinde,Side,MF'ere,Partileder,FTV kandidat
88419746037,Pernille Rosenkrantz-Theil,ROSENKRANTZ-THEIL PERNILLE,4628,5,Socialdemokratiet,Politiker,Rød blok,Kvinde,Side,MF'ere,,FTV kandidat
126084211821,Danmarks Socialdemokratiske Ungdom (DSU),Danmarks Socialdemokratiske Ungdom,17508,12,Socialdemokratiet,Partiside,Rød blok,Partiside,Side,,,
133121536016,Kim Eskesen,Kim Eskesen,9788,25,Socialdemokratiet,Politiker,Rød blok,Mand,Side,,,FTV kandidat
165381490043,Socialdemokraterne i Furesø,Socialdemokraterne i Furesø,400,1,Socialdemokratiet,Partiside,Rød blok,Partiside,Side,,,
343938391806,Leif Lahn Jensen,Brogaard Frank Nielsen,104,1,Socialdemokratiet,Politiker,Rød blok,Mand,Side,MF'ere,,FTV kandidat
100101258932691,Thomas Horn,Thomas Horn,150,2,Socialdemokratiet,Politiker,Rød blok,Mand,Side,,,
100282381897734,Frederik Enevoldsen i Folketinget,Frederik Valdemar Brondahl Enevoldsen,39353,21,Socialdemokratiet,Politiker,Rød blok,Mand,Side,,,FTV kandidat
100290682249512,"Lars Thaarbøl, Socialdemokratisk kommunalbestyrelsesmedlem",Lars Thaarbøl,195,2,Socialdemokratiet,Politiker,Rød blok,Mand,Side,,,
100415125806241,"Mette Reissmann - Folketingskandidat, Socialdemokratiet",Mette Reissmann,3566,23,Socialdemokratiet,Politiker,Rød blok,Kvinde,Side,,,FTV kandidat
100450595381496,Anne Sofie Stjernholm - byrådsmedlem,Anne Sofie Stjernholm,300,1,Socialdemokratiet,Politiker,Rød blok,Kvinde,Side,,,
100875285122355,Kristian Sandgaard Timmermann - Socialdemokratiet,Kristian Timmermann,156,1,Socialdemokratiet,Politiker,Rød blok,Mand,Side,,,
101047869024996,Martin Jensen - Din lokale kandidat,Jane Hjermitslev Poulsen,218,1,Socialdemokratiet,Politiker,Rød blok,Mand,Side,,,
101272095140798,Tomas Breddam,Tomas Breddam,130,1,Socialdemokratiet,Politiker,Rød blok,Mand,Side,,,
101471368436440,Dennis A Jørgensen Region Sjælland,Dennis Jørgensen,758,3,Socialdemokratiet,Politiker,Rød blok,Mand,Side,,,
101875815016312,Caroline Victoria Christensen,Caroline Victoria Christensen,134,2,Socialdemokratiet,Politiker,Rød blok,Kvinde,Side,,,
102472071927163,Simon Bauer,Simon Bauer,165,3,Socialdemokratiet,Politiker,Rød blok,Mand,Side,,,
102514162425194,Frederik Vad,Nielsen Frederik Vad,38981,32,Socialdemokratiet,Politiker,Rød blok,Mand,Side,,,FTV kandidat
102868511541325,Socialdemokratiet RRO,"Socialdemokratisk Partiforening for Røsnæs, Raklev og omegn",1238,2,Socialdemokratiet,Politiker,Rød blok,Mand,Side,,,FTV kandidat
103537711688868,Sofie De Bretteville Olsen,Eriksen Simon Bjørnholdt,1750,2,Socialdemokratiet,Politiker,Rød blok,Kvinde,Side,,,
103844018497097,Halima Elabassi,Halima Elabassi,1459,8,Socialdemokratiet,Politiker,Rød blok,Kvinde,Side,,,
103894215328477,Jesper Larsen Byrådsmedlem Sønderborg Kommune 2022-2025,Jesper Larsen,183,4,Socialdemokratiet,Politiker,Rød blok,Mand,Side,,,
104051241982782,Fie Hækkerup,Fie Thorsted Hækkerup,24228,38,Socialdemokratiet,Politiker,Rød blok,Kvinde,Side,,,
104553298287225,Allan Andersen - Politiker,Allan Andersen - Politiker,300,2,Socialdemokratiet,Politiker,Rød blok,Mand,Side,,,
106238368667069,Lasse Haugaard Pedersen i Folketinget,Pedersen Lasse Haugaard,3682,11,Socialdemokratiet,Politiker,Rød blok,Mand,Side,,,FTV kandidat
107404618828462,Michael Perch,Michael Perch,515,1,Socialdemokratiet,Politiker,Rød blok,Mand,Side,,,FTV kandidat
107577065102777,Anna Thusgård,Anna Thusgård Rørstrøm,15678,39,Socialdemokratiet,Politiker,Rød blok,Mand,Side,,,FTV kandidat
107710495261482,Sebastian Schwartz,Sebastian Schwartz,2021,6,Socialdemokratiet,Politiker,Rød blok,Mand,Side,,,FTV kandidat
108711254383534,Mads Madsen Henriksen,Mads Madsen Henriksen,15004,7,Socialdemokratiet,Politiker,Rød blok,Mand,Side,,,FTV kandidat
109186765117833,Lars Werge - Politiker,Lars Werge Andersen,485,1,Socialdemokratiet,Politiker,Rød blok,Mand,Side,,,FTV kandidat
109351287351454,Nikolaj Lykke Vad,Nikolaj Lykke Vad,146,2,Socialdemokratiet,Politiker,Rød blok,Mand,Side,,,
109899075117401,"Thorkild Holmboe-Hay, Folketingskandidat Lolland-Falster",Thorkild Holmboe-Hay,70227,25,Socialdemokratiet,Politiker,Rød blok,Mand,Side,,,FTV kandidat
110566348364597,Nikoline Prehn - Folketingskandidat,Laurits Wulff Holm,11129,47,Socialdemokratiet,Politiker,Rød blok,Kvinde,Side,,,FTV kandidat
115614388597922,Socialdemokratiet i Middelfart Kommune,Socialdemokratiet i Middelfart Kommune,333,5,Socialdemokratiet,Partiside,Rød blok,Partiside,Side,,,
117286478282546,Kaare Dybvad Bek,Socialdemokratiet Holbæk,8771,9,Socialdemokratiet,Politiker,Rød blok,Mand,Side,MF'ere,,FTV kandidat
121774257973219,"Jonas Ring Madsen, Gruppeformand for Socialdemokratiet. Solrød Byråd",Madsen Jonas Ring,485,1,Socialdemokratiet,Politiker,Rød blok,Mand,Side,,,
125755924132043,Socialdemokratiet i Gladsaxe,Andersen Henrik,320,3,Socialdemokratiet,Partiside,Rød blok,Partiside,Side,,,
130414357583538,Paw Østergaard Jensen -den politiske håndværker,These ads ran without a disclaimer,346,1,Socialdemokratiet,Politiker,Rød blok,Mand,Side,,,
130494840642224,Mette Gjerskov - Socialdemokratiet,Mette Gjerskov - Socialdemokratiet,2638,20,Socialdemokratiet,Politiker,Rød blok,Kvinde,Side,MF'ere,,FTV kandidat
131559313586863,Morten Bødskov,Socialdemokratiet,29484,24,Socialdemokratiet,Politiker,Rød blok,Mand,Side,MF'ere,,FTV kandidat
137685999659722,Jeppe Kofod,Socialdemokratiet i Ringsted,19789,26,Socialdemokratiet,Politiker,Rød blok,Mand,Side,MF'ere,,FTV kandidat
142316415896803,Simon Kollerup,Socialdemokratiet - Simon Kollerup,95948,55,Socialdemokratiet,Politiker,Rød blok,Mand,Side,MF'ere,,FTV kandidat
143882519070566,Jens Joel,Jens Joel,25191,16,Socialdemokratiet,Politiker,Rød blok,Mand,Side,MF'ere,,FTV kandidat
148326242368088,Lars Gaardhøj,Socialdemokratiet Region Hovedstaden,4213,2,Socialdemokratiet,Politiker,Rød blok,Mand,Side,,,
148368282440971,Gunvor Wibroe,Gunvor Wibroe,33032,15,Socialdemokratiet,Politiker,Rød blok,Kvinde,Side,,,FTV kandidat
155064488243915,Holger Schou Rasmussen,Jane Falster,210,2,Socialdemokratiet,Politiker,Rød blok,Mand,Side,,,
155250601296949,Jesper Würtzen,Müller Johan Klingberg,911,1,Socialdemokratiet,Politiker,Rød blok,Mand,Side,,,
159933657497144,Lars Møller Pedersen,Lars Pedersen,173,2,Socialdemokratiet,Politiker,Rød blok,Mand,Side,,,
167902276696852,Thomas Monberg,Thomas Monberg Andersen,8808,28,Socialdemokratiet,Politiker,Rød blok,Mand,Side,,,FTV kandidat
171470109686552,Socialdemokratiet på Bornholm,Mikkel Holm Tved,3243,6,Socialdemokratiet,Partiside,Rød blok,Partiside,Side,,,
174823899220171,DSU Aarhus,DSU Aarhus,333,1,Socialdemokratiet,Partiside,Rød blok,Partiside,Side,,,
181106225260438,Yildiz Akdogan,Yildiz Akdogan,14365,26,Socialdemokratiet,Politiker,Rød blok,Kvinde,Side,,,FTV kandidat
190264547756813,Thomas Jensen,Thomas Jensen,28652,37,Socialdemokratiet,Politiker,Rød blok,Mand,Side,MF'ere,,FTV kandidat
221303431294407,Socialdemokratiet i Hvidovre - stem personligt på Maria Durhuus,Mathilde Holmen,5250,26,Socialdemokratiet,Partiside,Rød blok,Partiside,Side,,,
223099558291164,Kasper Sand Kjær,Socialdemokratiet Ballerup,28476,43,Socialdemokratiet,Politiker,Rød blok,Mand,Side,MF'ere,,FTV kandidat
229737453706271,Mogens Jensen,Socialdemokratiet,45123,19,Socialdemokratiet,Politiker,Rød blok,Mand,Side,MF'ere,,FTV kandidat
252347094954938,Morten Ryom,Morten Ryom,6582,23,Socialdemokratiet,Politiker,Rød blok,Mand,Side,,,FTV kandidat
253692938327792,Bjørn Brandenborg,Søren Mortensen,7386,8,Socialdemokratiet,Politiker,Rød blok,Mand,Side,MF'ere,,FTV kandidat
256910337770023,Lisbeth Lauritsen,Lisbeth Lauritsen,500,1,Socialdemokratiet,Politiker,Rød blok,Kvinde,Side,,,
262623614252425,Jørgen Hansen i regionsrådet,Niels Jørgen Hansen,330,1,Socialdemokratiet,Politiker,Rød blok,Mand,Side,,,
270431402967189,Benny Engelbrecht,Engelbrecht Benny,57054,59,Socialdemokratiet,Politiker,Rød blok,Mand,Side,MF'ere,,FTV kandidat
287814831337164,Jesper Petersen,Jesper Petersen,10215,21,Socialdemokratiet,Politiker,Rød blok,Mand,Side,MF'ere,,FTV kandidat
291780644793452,Henrik Møller,"Socialdemokratiet, Helsingør Kredsen",27249,17,Socialdemokratiet,Politiker,Rød blok,Mand,Side,MF'ere,,FTV kandidat
315126268991751,Camilla Fabricius,Camilla Fabricius,45640,58,Socialdemokratiet,Politiker,Rød blok,Kvinde,Side,MF'ere,,FTV kandidat
329236874385098,Marianne Vind,Marianne Vind,294,2,Socialdemokratiet,Politiker,Rød blok,Kvinde,Side,MEP'ere,,
332449670271618,Socialdemokraterne Thisted kommune,Mads Gravesen,837,5,Socialdemokratiet,Partiside,Rød blok,Partiside,Side,,,
338801822808894,Socialdemokratiet i Nordjylland,August Fisker Olesen,145,1,Socialdemokratiet,Partiside,Rød blok,Partiside,Side,,,
340189926157676,Jeppe Bruus,Jeppe Bruus,32483,10,Socialdemokratiet,Politiker,Rød blok,Mand,Side,MF'ere,,FTV kandidat
341374972579958,Socialdemokratiet i Varde,Socialdemokratiet Varde,1200,10,Socialdemokratiet,Partiside,Rød blok,Partiside,Side,,,
346547929246195,Birgitte Vind,Casper Herbert Overgaard,7381,12,Socialdemokratiet,Politiker,Rød blok,Kvinde,Side,MF'ere,,FTV kandidat
346547929246195,Birgitte Vind,Vind Birgitte,2616,4,Socialdemokratiet,Politiker,Rød blok,Kvinde,Side,MF'ere,,FTV kandidat
354144841359670,Magnus Heunicke,Magnus Heunicke,6739,6,Socialdemokratiet,Politiker,Rød blok,Mand,Side,MF'ere,,FTV kandidat
436838453062117,Steenf Socialdemokraterne Bornholm,Steen Frandsen,1381,9,Socialdemokratiet,Politiker,Rød blok,Mand,Side,,,
438345126314990,Socialdemokratiet  i Kalundborg,Lars Mortensen,400,3,Socialdemokratiet,Partiside,Rød blok,Partiside,Side,,,
488884981178436,Socialdemokratiet Lejre,Burak Ulrik Ulucan,240,1,Socialdemokratiet,Partiside,Rød blok,Partiside,Side,,,
504549892949482,Mette Nielsen,Mette Nielsen,3210,15,Socialdemokratiet,Politiker,Rød blok,Kvinde,Side,,,FTV kandidat
526620377500921,Peter Hummelgaard,Peter Hummelgaard,9738,10,Socialdemokratiet,Politiker,Rød blok,Mand,Side,MF'ere,,FTV kandidat
562897083824683,Socialdemokratiet Lolland,Jane Falster,500,3,Socialdemokratiet,Partiside,Rød blok,Partiside,Side,,,
580037588851386,Johan Müller,Müller Johan Klingberg,300,1,Socialdemokratiet,Politiker,Rød blok,Mand,Side,,,
633265460396003,Maria Gudme,Maria Gudme,23982,8,Socialdemokratiet,Politiker,Rød blok,Kvinde,Side,MF'ere,,FTV kandidat
636149903071949,Sara Emil Baaring,Sara Emil Baaring,5649,2,Socialdemokratiet,Politiker,Rød blok,Kvinde,Side,,,FTV kandidat
636149903071949,Sara Emil Baaring,These ads ran without a disclaimer,355,1,Socialdemokratiet,Politiker,Rød blok,Kvinde,Side,,,FTV kandidat
737317713017734,Malte Larsen,Malte Larsen,20295,135,Socialdemokratiet,Politiker,Rød blok,Mand,Side,MF'ere,,FTV kandidat
794749117332950,Charlotte Vincentz Petersen,Charlotte Petersen,140,1,Socialdemokratiet,Politiker,Rød blok,Kvinde,Side,,,
821993651187919,Flemming Møller Mortensen,Hans Christian Gørup Nielsen,3758,18,Socialdemokratiet,Politiker,Rød blok,Mand,Side,,,FTV kandidat
879906758810052,Annette Lind,Socialdemokratiet,9995,88,Socialdemokratiet,Politiker,Rød blok,Kvinde,Side,MF'ere,,FTV kandidat
882324235203255,Matilde Powers,Socialdemokratiet i Egedalkredsen,12589,25,Socialdemokratiet,Politiker,Rød blok,Kvinde,Side,,,FTV kandidat
913997452023999,Socialdemokratiet i Rødovre,Socialdemokratiet Rødovre,534,2,Socialdemokratiet,Partiside,Rød blok,Partiside,Side,,,
1039840406189567,Morten Klessen,Klessen Morten,4479,10,Socialdemokratiet,Politiker,Rød blok,Mand,Side,,,FTV kandidat
1085388398186784,Rasmus Horn Langhoff,Rasmus Horn Langhoff,4533,18,Socialdemokratiet,Politiker,Rød blok,Mand,Side,MF'ere,,FTV kandidat
1270322106394560,Theis Kylling Hommeltoft,Hommeltoft Theis Kylling,1593,6,Socialdemokratiet,Politiker,Rød blok,Mand,Side,,,FTV kandidat
1336984893024301,Iben Sønderup i Folketinget,Sønderup Iben,8856,15,Socialdemokratiet,Politiker,Rød blok,Kvinde,Side,,,FTV kandidat
1396459723941912,Christian Rabjerg Madsen,Madsen Christian Rabjerg,62759,68,Socialdemokratiet,Politiker,Rød blok,Mand,Side,MF'ere,,FTV kandidat
1396986243876509,Anders Kronborg,Anders Kronborg,3862,9,Socialdemokratiet,Politiker,Rød blok,Mand,Side,MF'ere,,FTV kandidat
1418511451758028,Anne Paulin,Anne Borch Paulin,721,3,Socialdemokratiet,Politiker,Rød blok,Kvinde,Side,MF'ere,,FTV kandidat
1418511451758028,Anne Paulin,Sarah Hindborg Olsen,431,1,Socialdemokratiet,Politiker,Rød blok,Kvinde,Side,MF'ere,,FTV kandidat
1421127531292549,Brian Bressendorff,Socialdemokratiet i Vordingborg,6590,5,Socialdemokratiet,Politiker,Rød blok,Mand,Side,,,FTV kandidat
1423571757858534,Miki Dam Larsen,Miki Dam Larsen,7176,11,Socialdemokratiet,Politiker,Rød blok,Mand,Side,,,FTV kandidat
1458354184437993,Nicolai Wammen,Socialdemokratiet,77963,28,Socialdemokratiet,Politiker,Rød blok,Mand,Side,MF'ere,,FTV kandidat
1461584187395053,Kasper Roug,Kasper Roug,9091,19,Socialdemokratiet,Politiker,Rød blok,Mand,Side,MF'ere,,FTV kandidat
1474716729464407,Per Frost Henriksen,Henriksen Per Frost,250,1,Socialdemokratiet,Politiker,Rød blok,Mand,Side,,,
1533981276841327,Daniel Toft Jakobsen,Jakobsen Daniel Toft,14134,25,Socialdemokratiet,Politiker,Rød blok,Mand,Side,MF'ere,,FTV kandidat
1563091823994393,Lea Wermelin,Wermelin Lea,1213,3,Socialdemokratiet,Politiker,Rød blok,Kvinde,Side,MF'ere,,
1563091823994393,Lea Wermelin,These ads ran without a disclaimer,192,1,Socialdemokratiet,Politiker,Rød blok,Kvinde,Side,MF'ere,,
1671783193123628,Dorthe Hindborg Folketingskandidat for S for Skanderborg-Odder-Samsø,Hindborg Dorthe,7176,35,Socialdemokratiet,Politiker,Rød blok,Kvinde,Side,,,FTV kandidat
1675976205990131,Rasmus Stoklund,Holm-Nielsen Rasmus Stoklund,20148,10,Socialdemokratiet,Politiker,Rød blok,Mand,Side,MF'ere,,FTV kandidat
1692293757749735,Tanja Larsson-Socialdemokratiet,Tanja Larsson,8106,18,Socialdemokratiet,Politiker,Rød blok,Kvinde,Side,MF'ere,,FTV kandidat
1746457218929172,"Peter Faarbæk, byrådet Høje-Taastrup",Peter Faarbæk,514,3,Socialdemokratiet,Politiker,Rød blok,Mand,Side,,,
1823610164628295,Sebastian Nielsen i Kerteminde Byråd,Sebastian Nielsen,588,3,Socialdemokratiet,Politiker,Rød blok,Mand,Side,,,
1855272071460981,Kasper Damsgaard - Borgmester i Glostrup.,Müller Johan Klingberg,1500,1,Socialdemokratiet,Politiker,Rød blok,Mand,Side,,,
1.98124E+15,"Louise Mehnke, politiker",Louise Mehnke,1013,10,Socialdemokratiet,Politiker,Rød blok,Kvinde,Side,,,FTV kandidat
8611462388,Villy Søvndal,SF,3138,2,Socialistisk Folkeparti,Politiker,Rød blok,Mand,Side,,,
26531882197,Peter Westermann,Westermann Peter,7424,44,Socialistisk Folkeparti,Politiker,Rød blok,Mand,Side,,,FTV kandidat
26531882197,Peter Westermann,Socialistisk Folkeparti,5010,7,Socialistisk Folkeparti,Politiker,Rød blok,Mand,Side,,,FTV kandidat
30196574028,Serdal Benli,Serdal Benli,51940,50,Socialistisk Folkeparti,Politiker,Rød blok,Mand,Side,,,FTV kandidat
30196574028,Serdal Benli,SF,258,1,Socialistisk Folkeparti,Politiker,Rød blok,Mand,Side,,,FTV kandidat
36730930417,Margrete Auken,SF,14406,3,Socialistisk Folkeparti,Politiker,Rød blok,Kvinde,Side,MEP'ere,,
49348971479,Pia Olsen Dyhr,SF,690511,288,Socialistisk Folkeparti,Politiker,Rød blok,Kvinde,Side,MF'ere,Partileder,FTV kandidat
49348971479,Pia Olsen Dyhr,These ads ran without a disclaimer,2330,2,Socialistisk Folkeparti,Politiker,Rød blok,Kvinde,Side,MF'ere,Partileder,FTV kandidat
69985338410,Jacob Mark,SF,163552,71,Socialistisk Folkeparti,Politiker,Rød blok,Mand,Side,MF'ere,,FTV kandidat
74796954245,SF,SF,77544,87,Socialistisk Folkeparti,Partiside,Rød blok,Partiside,Side,Nationalt parti,,
113555862534,SF Ungdom,SF Ungdom,13808,15,Socialistisk Folkeparti,Partiside,Rød blok,Partiside,Side,,,
145989963343,Lise Müller,SF,26111,35,Socialistisk Folkeparti,Politiker,Rød blok,Kvinde,Side,,,FTV kandidat
100315985238390,Thue Grum-Schwensen i regionsrådet,Grum-Schwensen Thue,737,2,Socialistisk Folkeparti,Politiker,Rød blok,Mand,Side,,,
100339911865166,Niels Haxthausen,Haxthausen Niels Ulrik,12938,12,Socialistisk Folkeparti,Politiker,Rød blok,Mand,Side,,,
100412015485591,Melina Andersen - SF,Melina Kathrine Andersen,24376,24,Socialistisk Folkeparti,Politiker,Rød blok,Kvinde,Side,,,
100445466003316,Sofie F. Villadsen,Sofie Falck Villadsen,7580,7,Socialistisk Folkeparti,Politiker,Rød blok,Kvinde,Side,,,FTV kandidat
100553324882964,Theresa Berg Andersen,SF,11082,8,Socialistisk Folkeparti,Politiker,Rød blok,Kvinde,Side,MF'ere,,FTV kandidat
100553324882964,Theresa Berg Andersen,Theresa Berg,2155,12,Socialistisk Folkeparti,Politiker,Rød blok,Kvinde,Side,MF'ere,,FTV kandidat
100825692030878,Sadek Al-Amood,Socialistisk Folkeparti,4000,3,Socialistisk Folkeparti,Politiker,Rød blok,Mand,Side,,,FTV kandidat
101254688998213,Niels Kristian Larsen - Folketingskandidat,Niels Kristian L Rahbek Larsen,4807,4,Socialistisk Folkeparti,Politiker,Rød blok,Mand,Side,,,FTV kandidat
101286428483346,Annette Blynel,SF - Socialistisk Folkeparti,2000,4,Socialistisk Folkeparti,Politiker,Rød blok,Kvinde,Side,,,
102142759317870,Cecilie SF,Cecilie Louise Balbay Holdt,1113,1,Socialistisk Folkeparti,Politiker,Rød blok,Kvinde,Side,,,FTV kandidat
103099158578248,Jeanne Bergmansen // SF Roskilde,Socialistisk Folkeparti,6863,23,Socialistisk Folkeparti,Politiker,Rød blok,Kvinde,Side,,,FTV kandidat
103529378564592,Christian Skou Larsen - SF Vallensbæk,Christian Skou Larsen,710,3,Socialistisk Folkeparti,Politiker,Rød blok,Mand,Side,,,
105527472180166,Silje Brynildsen - SF,SF Ungdom,2757,21,Socialistisk Folkeparti,Politiker,Rød blok,Kvinde,Side,,,FTV kandidat
106156028731225,Mads Olsen,Mads Bruun Buch Olsen,23963,21,Socialistisk Folkeparti,Politiker,Rød blok,Mand,Side,,,
106207845011956,Milo Jacobsen Gaarde,Bjarne Lund Henneberg,500,1,Socialistisk Folkeparti,Politiker,Rød blok,Mand,Side,,,
106582697719101,Peter Larsen,Peter Larsen,2376,3,Socialistisk Folkeparti,Politiker,Rød blok,Mand,Side,,,
106928748191622,Helene Brochmann - SF,SF Gentofte,199,2,Socialistisk Folkeparti,Politiker,Rød blok,Kvinde,Side,,,
107242814523761,Meritta Bjerregaard - folketingskandidat,Meritta Bjerregaard,3517,8,Socialistisk Folkeparti,Politiker,Rød blok,Kvinde,Side,,,
108458340866774,David Dam Jensen,SF Esbjerg,13856,30,Socialistisk Folkeparti,Politiker,Rød blok,Mand,Side,,,
109221014326736,Susanne Stenstrop Thorsen SF,Susanne Thorsen,3069,18,Socialistisk Folkeparti,Politiker,Rød blok,Kvinde,Side,,,
110272581108922,"Søren Lahn Sloth, SF",SF Favrskov,19997,9,Socialistisk Folkeparti,Politiker,Rød blok,Mand,Side,,,
112066403983709,Harun Demirtas,Harun Demirtas,680,2,Socialistisk Folkeparti,Politiker,Rød blok,Mand,Side,,,
116061635098137,Karina Lorentzen Dehnhardt,SF,85018,80,Socialistisk Folkeparti,Politiker,Rød blok,Kvinde,Side,MF'ere,,FTV kandidat
135769643696798,Benjamin Jørgensen - SF,Benjamin Jørgensen,921,5,Socialistisk Folkeparti,Politiker,Rød blok,Mand,Side,,,FTV kandidat
149665838459538,Arly Eskildsen - SF,Arly John Eskildsen,180,1,Socialistisk Folkeparti,Politiker,Rød blok,Kvinde,Side,,,
164689447266492,Jonas Hulgaard Ammundsen,These ads ran without a disclaimer,424,2,Socialistisk Folkeparti,Politiker,Rød blok,Mand,Side,,,FTV kandidat
169715288124007,Kristine Amalie Rostgård,Kristine Amalie Rigmor Rostgård,145,2,Socialistisk Folkeparti,Politiker,Rød blok,Kvinde,Side,,,
207867859816558,Astrid Carøe,Astrid Carøe Rasmussen,8308,22,Socialistisk Folkeparti,Politiker,Rød blok,Kvinde,Side,MF'ere,,FTV kandidat
207867859816558,Astrid Carøe,SF,1553,1,Socialistisk Folkeparti,Politiker,Rød blok,Kvinde,Side,MF'ere,,FTV kandidat
211409879739775,Ina Strøjer-Schmidt - SF’s Folketingsmedlem i Københavns omegnskommuner,Ina Strøjer-Schmidt,18736,14,Socialistisk Folkeparti,Politiker,Rød blok,Kvinde,Side,MF'ere,,
213461659232038,Marianne Bigum,SF,14861,37,Socialistisk Folkeparti,Politiker,Rød blok,Kvinde,Side,,,FTV kandidat
214174819176985,Anna Brændemose,SF,8949,14,Socialistisk Folkeparti,Politiker,Rød blok,Kvinde,Side,,,FTV kandidat
215204092326768,Charlotte Vindeløv,Vindeløv Charlotte,14421,12,Socialistisk Folkeparti,Politiker,Rød blok,Kvinde,Side,,,FTV kandidat
245125329367434,Emma Thorup Jacobsen - SF,Emma Thorup Jacobsen,949,6,Socialistisk Folkeparti,Politiker,Rød blok,Kvinde,Side,,,FTV kandidat
262391220488874,SF Amager KBH,Rasmus Steenberger,3694,12,Socialistisk Folkeparti,Partiside,Rød blok,Partiside,Side,,,
275313749252200,Jacob Isøe Klærke - SF,Jacob Isøe Klærke,710,2,Socialistisk Folkeparti,Politiker,Rød blok,Mand,Side,,,
323452711195305,Rasmus Nordqvist,SF,11997,15,Socialistisk Folkeparti,Politiker,Rød blok,Mand,Side,MF'ere,,FTV kandidat
323782467803321,Carl Valentin,SF,36949,35,Socialistisk Folkeparti,Politiker,Rød blok,Mand,Side,MF'ere,,FTV kandidat
350242375125258,Signe Munk,SF,40796,37,Socialistisk Folkeparti,Politiker,Rød blok,Kvinde,Side,MF'ere,,FTV kandidat
355083705048259,Gunner Poulsen,SF Varde,2499,1,Socialistisk Folkeparti,Politiker,Rød blok,Mand,Side,,,
413662589047295,SF Stevns,Michael Graakjær,299,1,Socialistisk Folkeparti,Partiside,Rød blok,Partiside,Side,,,
444780689021706,Balder Mørk Andersen,Andersen Balder Mørk,8946,15,Socialistisk Folkeparti,Politiker,Rød blok,Mand,Side,,,FTV kandidat
470433920022890,Nanna Bonde,Ottosen Nanna Bonde,32497,50,Socialistisk Folkeparti,Politiker,Rød blok,Kvinde,Side,,,FTV kandidat
470433920022890,Nanna Bonde,SF,1402,1,Socialistisk Folkeparti,Politiker,Rød blok,Kvinde,Side,,,FTV kandidat
516525765382591,Claus Jørgensen,Jørgensen Claus,15095,31,Socialistisk Folkeparti,Politiker,Rød blok,Mand,Side,,,FTV kandidat
533473053404125,SF København,Steenberger Rasmus Rune,4267,5,Socialistisk Folkeparti,Partiside,Rød blok,Partiside,Side,,,
543881642649343,Troels Stru Schmidt,Schmidt Troels Stru,11998,8,Socialistisk Folkeparti,Politiker,Rød blok,Mand,Side,,,FTV kandidat
573106029493991,Marie-Louise Jørgensen SF,Jørgensen Marie-Louise Peschardt,460,3,Socialistisk Folkeparti,Politiker,Rød blok,Kvinde,Side,,,
588679974556626,SF FAXE,SF Faxe,800,2,Socialistisk Folkeparti,Partiside,Rød blok,Partiside,Side,,,
616747491791844,Andreas Albertsen,Albertsen Andreas Brogger,257,1,Socialistisk Folkeparti,Politiker,Rød blok,Mand,Side,,,
653920314633115,SF Aabenraa,SF,1000,2,Socialistisk Folkeparti,Partiside,Rød blok,Partiside,Side,,,
769275016510275,Kirsten Kronborg,Kirsten Kronborg,130,1,Socialistisk Folkeparti,Politiker,Rød blok,Kvinde,Side,,,
863229313888125,Karsten Filsø,Karsten Filsø,800,8,Socialistisk Folkeparti,Politiker,Rød blok,Mand,Side,,,FTV kandidat
880444655649267,Rasmus Steenberger,Steenberger Rasmus Rune,3578,9,Socialistisk Folkeparti,Politiker,Rød blok,Mand,Side,,,
933551813499955,Stine Roldgaard SF Politik,Stine Roldgaard,1398,3,Socialistisk Folkeparti,Politiker,Rød blok,Kvinde,Side,,,
1226162407495052,SFU Lyngby,SFU Lyngby,817,6,Socialistisk Folkeparti,Partiside,Rød blok,Partiside,Side,,,
1246666085407861,Karsten Hønge,SF,50699,39,Socialistisk Folkeparti,Politiker,Rød blok,Mand,Side,MF'ere,,FTV kandidat
1282577791766364,Kirsten Normann Andersen,SF,20413,18,Socialistisk Folkeparti,Politiker,Rød blok,Kvinde,Side,MF'ere,,FTV kandidat
1417938685172201,Anders Wolf Andresen - politiker,Andresen Anders Wolf,493,8,Socialistisk Folkeparti,Politiker,Rød blok,Mand,Side,,,
1458747490881892,Sofie Lippert,SF,10779,32,Socialistisk Folkeparti,Politiker,Rød blok,Kvinde,Side,,,
1481743381888589,Jens Skov SF Egedal,Jens Skov,15898,11,Socialistisk Folkeparti,Politiker,Rød blok,Mand,Side,,,FTV kandidat
1492301517467484,Vivi Nør Jacobsen,SF Albertslund,31563,35,Socialistisk Folkeparti,Politiker,Rød blok,Kvinde,Side,,,FTV kandidat
1497190180404355,Kira Marie Peter-Hansen,SF,8475,3,Socialistisk Folkeparti,Politiker,Rød blok,Kvinde,Side,MEP'ere,,
1522101171358705,Rasmus Henriksen,Henriksen Rasmus Peter,5908,19,Socialistisk Folkeparti,Politiker,Rød blok,Mand,Side,,,FTV kandidat
1522101171358705,Rasmus Henriksen,SF,1180,2,Socialistisk Folkeparti,Politiker,Rød blok,Mand,Side,,,FTV kandidat
1526010717482798,Morten Siig Henriksen,Henriksen Morten Siig,7955,11,Socialistisk Folkeparti,Politiker,Rød blok,Mand,Side,,,FTV kandidat
1.55906E+15,Lisbeth Bech-Nielsen,SF,17085,37,Socialistisk Folkeparti,Politiker,Rød blok,Kvinde,Side,MF'ere,,FTV kandidat
1701135240186838,Anne Valentina Berthelsen,Berthelsen Anne,10620,12,Socialistisk Folkeparti,Politiker,Rød blok,Kvinde,Side,MF'ere,,FTV kandidat
1870254929858136,Sigurd Agersnap,Sigurd Agersnap,33851,22,Socialistisk Folkeparti,Politiker,Rød blok,Mand,Side,,,FTV kandidat
1871802986266834,Halime Oguz,SF,7708,8,Socialistisk Folkeparti,Politiker,Rød blok,Kvinde,Side,MF'ere,,FTV kandidat
1871802986266834,Halime Oguz,Esin Asci,2397,5,Socialistisk Folkeparti,Politiker,Rød blok,Kvinde,Side,MF'ere,,FTV kandidat
1876896252587282,Aleksander Myrhøj - SF,Myrhøj Aleksander,3250,6,Socialistisk Folkeparti,Politiker,Rød blok,Mand,Side,,,
1881569222070927,Astrid Aller,Astrid Aller,787,2,Socialistisk Folkeparti,Politiker,Rød blok,Kvinde,Side,,,
2.0795E+15,Charlotte Broman Mølbæk,SF,18862,25,Socialistisk Folkeparti,Politiker,Rød blok,Kvinde,Side,MF'ere,,FTV kandidat
21465928829,"Venstre, Danmarks Liberale Parti","Venstre, Danmarks Liberale Parti",997614,218,Venstre,Partiside,Blå blok,Partiside,Side,Nationalt parti,,
167412043730,Venstres Ungdom - VU,Venstres Ungdom,78611,41,Venstre,Partiside,Blå blok,Partiside,Side,,,
179420709465,Venstre Mors,Venstre Mors,1003,1,Venstre,Partiside,Blå blok,Partiside,Side,,,
100393555124991,Stephan Arnold -  Folketingskandidat for Venstre,Martha Linnéa Nordin Kjærgaard,17305,35,Venstre,Politiker,Blå blok,Mand,Side,,,FTV kandidat
100766428741302,René Bredal,Re Ne Bredal,2000,2,Venstre,Politiker,Blå blok,Mand,Side,,,
101491259185540,Marianne Lynghøj,Marianne Lynghoj Pedersen,8896,14,Venstre,Politiker,Blå blok,Kvinde,Side,,,
101889008581854,Anders Fausbøll,Anders Fausbøll,4547,10,Venstre,Politiker,Blå blok,Mand,Side,,,
102900672020662,Iben Krog,Iben Krog,100517,78,Venstre,Politiker,Blå blok,Kvinde,Side,,,
104604591516267,Ditte Rust,Ditte Wiesener Rust,17384,43,Venstre,Politiker,Blå blok,Kvinde,Side,,,
104705468616273,Rasmus Hylleberg,Rasmus Hylleberg,9908,24,Venstre,Politiker,Blå blok,Mand,Side,,,FTV kandidat
104983225155102,Phillip Sperling,Phillip Sperling,8998,3,Venstre,Politiker,Blå blok,Mand,Side,,,
105849941843652,Alexandra Sasha,Alexandra Bessmertnaia,8295,29,Venstre,Politiker,Blå blok,Kvinde,Side,,,
106262031788897,Anne Rasmussen,Anne Rasmussen,1343,5,Venstre,Politiker,Blå blok,Kvinde,Side,MF'ere,,FTV kandidat
106355174776321,Christian Budde,Christian Opstrup-Privat,4652,6,Venstre,Politiker,Blå blok,Mand,Side,,,
106363025535965,Jacob Chr. Nielsen i folketinget,Jacob Chr. Nielsen,11457,14,Venstre,Politiker,Blå blok,Mand,Side,,,FTV kandidat
108188537746858,Tilde Holch Duedahl - Folketingskandidat for Venstre,Tilde Holch Duedahl,11072,19,Venstre,Politiker,Blå blok,Kvinde,Side,,,
108381162527570,Martin Bech,Martin Bech,4000,8,Venstre,Politiker,Blå blok,Mand,Side,,,FTV kandidat
108381162527570,Martin Bech,These ads ran without a disclaimer,103,1,Venstre,Politiker,Blå blok,Mand,Side,,,FTV kandidat
108714557994346,Mads Hagen - Kandidat Venstre,X Mads,300,1,Venstre,Politiker,Blå blok,Mand,Side,,,
109129341266125,Rasmus Clausen - Venstre,Rasmus Clausen,2714,9,Venstre,Politiker,Blå blok,Mand,Side,,,
109828857994475,Lene Prip-Sørensen  - En plads til Prip,Lene Prip-Sørensen,176,1,Venstre,Politiker,Blå blok,Kvinde,Side,,,
110269115021246,Chris Preuss,Chris Holst Preuss,113931,66,Venstre,Politiker,Blå blok,Mand,Side,,,FTV kandidat
110670608448666,Rikke Tangaa,Benjamin Brixley,2398,26,Venstre,Politiker,Blå blok,Kvinde,Side,,,FTV kandidat
110804688367240,Jacob Vestergaard - Venstre,Jacob Houkjaer Vestergaard,23558,34,Venstre,Politiker,Blå blok,Mand,Side,,,FTV kandidat
112020258283732,Pia Offer Madsen,Venstre Assens kredsen,31880,46,Venstre,Politiker,Blå blok,Kvinde,Side,,,FTV kandidat
112617303984751,Jan Beck-Nielsen - Nye Borgerlige i Silkeborg byråd.,Jan Beck-Nielsen,200,5,Venstre,Politiker,Blå blok,Mand,Side,,,
112980887718607,Jens Kloppenborg,Jens Kloppenborg-Skrumsager,60988,113,Venstre,Politiker,Blå blok,Mand,Side,,,
113682151995658,Venstre i Varde kommune,Venstre i Varde kommune,8250,11,Venstre,Partiside,Blå blok,Partiside,Side,,,
115710210349396,Mette Hardam,Mette Hesberg Hardam,1995,13,Venstre,Politiker,Blå blok,Kvinde,Side,,,
123900591027437,Ellen Trane Nørby,Ellen Trane Nørby,236,2,Venstre,Politiker,Blå blok,Kvinde,Side,MF'ere,,
131743616884687,Venstre i Hillerød,Venstre i Hillerød,1318,1,Venstre,Partiside,Blå blok,Partiside,Side,,,
137990456269928,Ole Jakobsen - den utraditionelle,Ole Jakobsen,961,5,Venstre,Politiker,Blå blok,Mand,Side,,,
139443622778678,Troels Lund Poulsen,Poulsen Troels Lund,142418,60,Venstre,Politiker,Blå blok,Mand,Side,MF'ere,,FTV kandidat
143278246229601,Jacob Panton,Panton-Kristiansen Jacob Wislaw M,1218,8,Venstre,Politiker,Blå blok,Mand,Side,,,FTV kandidat
146660115919201,Carina Bloch Simonsen - Folketingskandidat Nordsjælland,Carina Bloch Simonsen,2238,2,Venstre,Politiker,Blå blok,Kvinde,Side,,,
149329171919482,Venstre i Helsingør,Venstre i Helsingør,7369,11,Venstre,Partiside,Blå blok,Partiside,Side,,,
168572049946266,Venstre i Vesthimmerland,Venstre i Vesthimmerland,735,1,Venstre,Partiside,Blå blok,Partiside,Side,,,
180919889239757,Kenneth Mikkelsen,Venstre,42597,52,Venstre,Politiker,Blå blok,Mand,Side,MF'ere,,FTV kandidat
194771717759266,"Tine Vinther Clausen - Lokalpolitiker, Lolland",Tine Clausen,120,1,Venstre,Politiker,Blå blok,Kvinde,Side,,,
199285450249134,Lennart Hartmann Nielsen,Lennart Hartmann Nielsen,481,5,Venstre,Politiker,Blå blok,Mand,Side,,,
200221333847206,Thomas Østergaard,Thomas Østergaard,299,1,Venstre,Politiker,Blå blok,Mand,Side,,,
218996908596440,Lone Olsen - Politiker,Lone Olsen,710,5,Venstre,Politiker,Blå blok,Kvinde,Side,,,
220851937935253,Venstre Halsnæs,Venstre Halsnæs,249,1,Venstre,Partiside,Blå blok,Partiside,Side,,,
242091299473046,Marie Bjerre,Marie Bjerre,69584,13,Venstre,Politiker,Blå blok,Kvinde,Side,MF'ere,,FTV kandidat
256754327854276,Jacob Jensen,Jacob Jensen,25388,51,Venstre,Politiker,Blå blok,Mand,Side,MF'ere,,FTV kandidat
265494777233939,Nikolaj Leed Henriksen,Nikolaj Leed Henriksen,35183,141,Venstre,Politiker,Blå blok,Mand,Side,,,FTV kandidat
267297590272820,Jakob Ellemann-Jensen,"Venstre, Danmarks Liberale Parti",74398,19,Venstre,Politiker,Blå blok,Mand,Side,MF'ere,Partileder,FTV kandidat
276323316097998,Anni Matthiesen,Venstre i Vejenkredsen,24247,110,Venstre,Politiker,Blå blok,Kvinde,Side,MF'ere,,FTV kandidat
303885753075453,Venstre Ringsted,Olsen Lars Lykke,800,1,Venstre,Partiside,Blå blok,Partiside,Side,,,
322117934560128,Mikael Wandel,Mikael Wandel,365,3,Venstre,Politiker,Blå blok,Mand,Side,,,
329413910880676,Jan E. Jørgensen,Jørgensen Jan Ejnar,41163,12,Venstre,Politiker,Blå blok,Mand,Side,MF'ere,,FTV kandidat
329413910880676,Jan E. Jørgensen,These ads ran without a disclaimer,3411,3,Venstre,Politiker,Blå blok,Mand,Side,MF'ere,,FTV kandidat
331049873725952,Eva Kjer Hansen,Hansen Eva Kjer,10368,16,Venstre,Politiker,Blå blok,Kvinde,Side,MF'ere,,FTV kandidat
342018969548467,Ulrich Fredberg,Ulrich Fredberg,15534,16,Venstre,Politiker,Blå blok,Mand,Side,,,
346192862472137,Jacob Søegaard,Jacob Søegaard Nielsen,481,4,Venstre,Politiker,Blå blok,Mand,Side,,,
362875644473220,Kim Valentin,Valentin Kim,43119,39,Venstre,Politiker,Blå blok,Mand,Side,MF'ere,,FTV kandidat
368634453338332,Thomas Danielsen,Danielsen Thomas Nolsoe,39053,8,Venstre,Politiker,Blå blok,Mand,Side,MF'ere,,FTV kandidat
368634453338332,Thomas Danielsen,Thomas Danielsen,13470,7,Venstre,Politiker,Blå blok,Mand,Side,MF'ere,,FTV kandidat
389665107805619,Michael Aastrup Jensen,Jensen Michael Aastrup,19389,33,Venstre,Politiker,Blå blok,Mand,Side,MF'ere,,FTV kandidat
390925417751473,Erling Bonnesen,Erling Bonnesen,33216,48,Venstre,Politiker,Blå blok,Mand,Side,MF'ere,,FTV kandidat
399384353424204,Venstre Nyborg,Venstre Nyborg,250,1,Venstre,Partiside,Blå blok,Partiside,Side,,,
411141995926774,Karsten Längerich,Karsten Längerich,200,1,Venstre,Politiker,Blå blok,Mand,Side,,,
419002518110056,Allerød Venstre,Allerød Venstre,379,1,Venstre,Partiside,Blå blok,Partiside,Side,,,
426950111037591,Jørgen Bech,Jørgen Bech,130,1,Venstre,Politiker,Blå blok,Mand,Side,,,
427916520619485,Ricki Vejsmose,Ricki Vejsmose,5236,6,Venstre,Politiker,Blå blok,Mand,Side,,,
440253972688017,Venstres Ungdom Bornholm,Niklas Munk Stenbye,928,9,Venstre,Partiside,Blå blok,Partiside,Side,,,
449803521791656,Stén Knuth,Sten Knuth,69983,109,Venstre,Politiker,Blå blok,Mand,Side,MF'ere,,FTV kandidat
455246371536581,Henrik Engedahl,Engedahl Henrik Bo,299,1,Venstre,Politiker,Blå blok,Mand,Side,,,
460077077407063,Venstre i København,Poulsen Anders Lindved,2254,9,Venstre,Partiside,Blå blok,Partiside,Side,,,
469683646709792,Martin Skou Heidemann,Venstre Gladsaxe,236,2,Venstre,Politiker,Blå blok,Mand,Side,,,
484301691651773,Thomas Elong,Thomas Elong,34516,29,Venstre,Politiker,Blå blok,Mand,Side,,,FTV kandidat
519109968157296,Michael Thomsen,Michael Thomsen,776,3,Venstre,Politiker,Blå blok,Mand,Side,,,
539568842764605,Christoffer Aagaard Melson,Melson Christoffer Aagaard,34565,25,Venstre,Politiker,Blå blok,Mand,Side,MF'ere,,FTV kandidat
561507140593570,Hans Andersen,Hans Andersen,59378,94,Venstre,Politiker,Blå blok,Mand,Side,MF'ere,,FTV kandidat
577345799101307,Morten Dahlin,Morten Dahlin,113878,487,Venstre,Politiker,Blå blok,Mand,Side,MF'ere,,FTV kandidat
579280942092820,Preben Bang Henriksen,Simonsen Mikael Kristiansen,12664,20,Venstre,Politiker,Blå blok,Mand,Side,MF'ere,,FTV kandidat
622795374413773,Venstre i Favrskov,Venstre i Favrskov Kommune,10625,26,Venstre,Partiside,Blå blok,Partiside,Side,,,
628215930532895,Sune Raunkjær,Sune Søndergaard Raunkjær,158,1,Venstre,Politiker,Blå blok,Mand,Side,,,
687073988036611,Martin Geertsen,Geertsen Martin Raahauge,62339,23,Venstre,Politiker,Blå blok,Mand,Side,MF'ere,,FTV kandidat
699619700116377,Sophie Løhde,Venstre i Egedalkredsen,108813,96,Venstre,Politiker,Blå blok,Kvinde,Side,MF'ere,,FTV kandidat
798227683607349,Louise Schack Elholm,Venstre i Ringsted-Sorø kredsen,24049,13,Venstre,Politiker,Blå blok,Kvinde,Side,MF'ere,,FTV kandidat
908861832623547,Ib Bjerregaard,Ib Bjerregaard,3151,30,Venstre,Politiker,Blå blok,Mand,Side,,,FTV kandidat
925932494102782,Karen Ellemann,Karen Ellemann,6905,14,Venstre,Politiker,Blå blok,Kvinde,Side,MF'ere,,FTV kandidat
1002438993113445,Venstre Bornholm,Niklas Munk Stenbye,3030,6,Venstre,Partiside,Blå blok,Partiside,Side,,,
1002755833225691,Linea Søgaard-Lidell,Linea Søgaard-Lidell,73781,29,Venstre,Politiker,Blå blok,Kvinde,Side,MEP'ere,,FTV kandidat
1017666944935541,Venstre Gladsaxe,Venstre Gladsaxe,3856,14,Venstre,Partiside,Blå blok,Partiside,Side,,,
1034293230028143,Jakob Bo Berthelsen kandidat til Byrådet i Roskilde,Jakob Berthelsen,156,1,Venstre,Politiker,Blå blok,Mand,Side,,,
1049258185160006,Maja Torp - Politiker,Torp Maja,2117,39,Venstre,Politiker,Blå blok,Kvinde,Side,MF'ere,,FTV kandidat
1222321351208863,Klaus Sandfeld,Klaus Jbw Sandfeld,14830,20,Venstre,Politiker,Blå blok,Mand,Side,,,FTV kandidat
1378861979080037,Torsten Schack Pedersen,Pedersen Torsten Schack,22835,16,Venstre,Politiker,Blå blok,Mand,Side,MF'ere,,FTV kandidat
1378861979080037,Torsten Schack Pedersen,Houe Film,17752,9,Venstre,Politiker,Blå blok,Mand,Side,MF'ere,,FTV kandidat
1394304720620628,Anders G. Christensen,Christensen Anders Georg,344,2,Venstre,Politiker,Blå blok,Mand,Side,,,
1408142216156387,Lars Chr. Lilleholt,Lars Chr. Lilleholt,130803,258,Venstre,Politiker,Blå blok,Mand,Side,MF'ere,,FTV kandidat
1434441170209403,Carsten Kissmeyer,Kissmeyer Carsten,51300,45,Venstre,Politiker,Blå blok,Mand,Side,MF'ere,,FTV kandidat
1.45944E+15,Susan Eirfeldt Byrådsmedlem,Susan Eirfeldt,240,3,Venstre,Politiker,Blå blok,Kvinde,Side,,,
1492391310793372,Ken Kristensen,Kristensen Ken,32959,65,Venstre,Politiker,Blå blok,Mand,Side,,,FTV kandidat
1529050627107134,Anders Bo Larsen,Anders Bo Larsen,6035,13,Venstre,Politiker,Blå blok,Mand,Side,,,
1554525611484429,Mads Fuglede,Mads Fuglede,32528,62,Venstre,Politiker,Blå blok,Mand,Side,MF'ere,,FTV kandidat
1563924853664543,Louise Louring - Husk dét,Louise Lingren Louring,4100,6,Venstre,Politiker,Blå blok,Kvinde,Side,,,FTV kandidat
1608885519353898,Søren Gade,Søren Gade,5790,7,Venstre,Politiker,Blå blok,Mand,Side,MEP'ere,,FTV kandidat
1695276023875912,Astrid Søborg,Venstre Gladsaxe,41906,38,Venstre,Politiker,Blå blok,Kvinde,Side,,,FTV kandidat
1719764131664489,Anne Honoré Østergaard,Anne Honoré Østergaard,64294,313,Venstre,Politiker,Blå blok,Kvinde,Side,MF'ere,,FTV kandidat
1785232081719893,Charlotte Bisserup Bechfeldt,Bechfeldt Charlotte Bisserup,6648,41,Venstre,Politiker,Blå blok,Kvinde,Side,,,FTV kandidat
1873627576205263,Araz Khan,Khan Araz Mustafa,17010,25,Venstre,Politiker,Blå blok,Mand,Side,,,FTV kandidat
1912736882278358,Heidi Bank,Heidi Bank,21698,35,Venstre,Politiker,Blå blok,Kvinde,Side,MF'ere,,FTV kandidat
1912736882278358,Heidi Bank,Heidi Farsoe Bank,3434,6,Venstre,Politiker,Blå blok,Kvinde,Side,MF'ere,,FTV kandidat
1912736882278358,Heidi Bank,These ads ran without a disclaimer,397,2,Venstre,Politiker,Blå blok,Kvinde,Side,MF'ere,,FTV kandidat
1956719637909855,Kristian Pihl Lorentzen,Lorentzen Kristian Pihl,68955,100,Venstre,Politiker,Blå blok,Mand,Side,MF'ere,,FTV kandidat
2252326791657399,Casper Pedersen,Pedersen Casper,9080,30,Venstre,Politiker,Blå blok,Mand,Side,,,FTV kandidat
